symbol,status,cluster,session,timeframe,sl,tp,rrr,be,trail_act,trail_dist,horizon,risk_pct,cost_bps,spread_bps,total_return,max_dd,dd_pct,sharpe,calmar,profit_factor,expectancy_pct,win_rate,n_trades,avg_bars_held,n_folds,avg_win_pct,avg_loss_pct,pct_sl,pct_tp,pct_be,pct_trail,pct_horizon,ftmo_ok,leak_free,warmup_trades,optimized_trades
LVMH,ok,equity,eu_equity,M30,1.5,4.5,3.0,1.0,2.0,0.5,24,0.8,7.8,2.4,62922.43,8461.34,8.46,6.2,7.44,1.42,0.1339,37.3,453,7.4,6,1.3781,0.6065,34.2,4.2,27.2,30.2,4.2,true,true,254,199
NVDA,ok,equity,us_equity,M30,1.5,4.5,3.0,1.0,2.0,0.5,24,0.8,11.0,5.6,44340.84,10687.33,10.69,6.73,4.15,1.41,0.2345,43.3,314,6.4,4,1.8628,1.0095,33.4,4.5,18.8,40.1,3.2,false,true,245,69
TSLA,ok,equity,us_equity,M30,1.5,4.5,3.0,1.0,2.0,0.5,24,0.3,10.9,5.5,11990.07,3284.69,3.28,5.18,3.65,1.28,0.222,34.5,330,6.1,4,2.6938,1.0826,36.1,2.1,29.4,31.2,1.2,true,true,250,80
GOOG,ok,equity,us_equity,M30,1.5,4.5,3.0,1.0,2.0,0.5,24,1.0,10.4,5.0,33724.27,15462.59,15.46,3.84,2.18,1.21,0.1171,38.4,333,6.4,4,1.4628,0.7231,38.4,4.8,22.5,33.6,0.6,false,true,255,78
BABA,ok,equity,us_equity,M30,1.5,4.5,3.0,1.0,2.0,0.5,24,1.0,13.3,7.9,35312.99,16567.57,16.57,3.98,2.13,1.23,0.2186,36.0,300,7.1,4,2.1022,0.8409,39.0,6.3,24.0,27.3,3.3,false,true,242,58
META,ok,equity,us_equity,M30,1.5,4.5,3.0,1.0,2.0,0.5,24,1.0,10.7,5.3,19239.61,21550.12,21.55,1.81,0.89,1.12,0.0355,31.9,323,6.7,4,1.6034,0.6986,38.1,4.3,28.8,25.1,3.7,false,true,259,64
AMZN,ok,equity,us_equity,M30,1.5,4.5,3.0,1.0,2.0,0.5,24,0.8,10.3,4.9,2280.2,18822.44,18.82,0.31,0.12,1.02,0.0155,35.0,306,6.9,4,1.5189,0.7928,44.1,3.9,19.9,30.1,2.0,false,true,245,61
HK50.cash,ok,index,apac_idx,M30,1.5,6.0,4.0,0.8,2.5,1.0,30,1.0,5.6,2.6,6563.59,144297.54,144.3,0.06,0.05,1.0,0.0026,25.4,1990,4.6,19,0.6552,0.2193,54.4,1.3,20.0,23.1,1.3,false,true,242,1748
BAYGn,ok,equity,eu_equity,M30,1.5,4.5,3.0,1.0,2.0,0.5,24,1.0,20.3,14.9,-12283.76,68505.18,68.51,-0.8,-0.18,0.96,-0.0145,33.1,489,6.7,6,1.5423,0.7857,42.7,2.2,23.9,28.2,2.9,false,true,264,225
JP225.cash,ok,index,apac_idx,M30,1.5,6.0,4.0,0.8,2.5,1.0,30,0.8,4.3,1.3,-18048.99,69060.53,69.06,-0.24,-0.26,0.98,-0.0094,22.1,1926,6.7,25,0.7251,0.2174,49.1,1.3,28.2,18.0,3.3,false,true,233,1693
MSFT,ok,equity,us_equity,M30,1.5,4.5,3.0,1.0,2.0,0.5,24,1.0,8.8,3.4,-10617.41,33266.64,33.27,-1.08,-0.32,0.94,-0.0391,31.3,326,6.4,4,1.0614,0.5402,42.9,3.1,25.2,27.3,1.5,false,true,254,72
GRTUSD,ok,crypto,crypto,M30,1.5,6.0,4.0,1.0,3.0,1.0,30,1.0,27.3,4.8,-79278.94,155786.28,155.79,-1.56,-0.51,0.81,-0.2337,23.3,691,11.1,12,2.9999,1.2161,36.9,1.7,35.6,14.3,11.4,false,true,247,444
IMXUSD,ok,crypto,crypto,M30,1.5,6.0,4.0,1.0,3.0,1.0,30,1.0,29.4,6.9,-71889.77,122457.8,122.46,-2.69,-0.59,0.82,-0.158,25.4,708,10.8,12,3.7069,1.4755,38.4,3.1,33.9,13.0,11.6,false,true,244,464
XAG_AUD,ok,commodity,metals,M30,1.5,6.0,4.0,0.8,2.5,1.0,30,1.0,8.3,4.1,-141311.77,235280.42,235.28,-3.7,-0.6,0.86,-0.0282,27.4,1328,3.5,25,0.6822,0.2964,48.9,0.2,23.2,25.9,1.7,false,true,136,1192
DBKGn,ok,equity,eu_equity,M30,1.5,4.5,3.0,1.0,2.0,0.5,24,1.0,15.9,10.5,-25054.5,41201.28,41.2,-1.95,-0.61,0.9,-0.0516,33.5,462,7.2,6,1.2574,0.7125,37.0,3.0,27.5,29.0,3.5,false,true,273,189
MANUSD,ok,crypto,crypto,M30,1.5,6.0,4.0,1.0,3.0,1.0,30,1.0,34.4,11.9,-78103.25,127252.41,127.25,-2.43,-0.61,0.8,-0.1769,27.5,612,12.9,12,3.1514,1.4362,42.8,2.8,28.3,15.5,10.6,false,true,245,367
LNKUSD,ok,crypto,crypto,M30,1.5,6.0,4.0,1.0,3.0,1.0,30,1.0,24.4,1.9,-23219.17,36293.18,36.29,-1.19,-0.64,0.92,-0.0648,25.4,461,9.1,12,2.4448,0.9184,43.2,0.9,28.4,15.8,11.7,false,true,129,332
US100.cash,ok,index,us_idx,M30,1.5,6.0,4.0,0.8,2.5,1.0,30,1.0,3.6,0.6,-169918.78,263751.51,263.75,-1.09,-0.64,0.94,-0.0005,21.0,2474,5.3,25,0.5752,0.1537,58.4,0.8,20.2,17.0,3.5,false,true,245,2229
XAG_USD,ok,commodity,metals,M30,1.5,6.0,4.0,0.8,2.5,1.0,30,1.0,9.5,5.4,-184036.45,277860.59,277.86,-2.58,-0.66,0.89,-0.0133,37.8,2325,5.4,25,0.6986,0.4453,47.2,0.5,13.6,35.5,3.1,false,true,230,2095
AAPL,ok,equity,us_equity,M30,1.5,4.5,3.0,1.0,2.0,0.5,24,1.0,9.6,4.2,-26131.52,38624.11,38.62,-3.17,-0.68,0.83,-0.0653,30.1,356,5.6,4,1.1166,0.5732,32.6,2.2,30.9,19.9,14.3,false,true,253,103
SANUSD,ok,crypto,crypto,M30,1.5,6.0,4.0,1.0,3.0,1.0,30,1.0,33.6,11.1,-110619.83,159646.33,159.65,-3.43,-0.69,0.75,-0.1697,20.6,665,11.4,12,3.6802,1.1686,37.4,2.3,41.7,12.0,6.6,false,true,242,423
FRA40.cash,ok,index,eu_idx,M30,1.5,6.0,4.0,0.8,2.5,1.0,30,1.0,5.0,2.0,-158279.92,215216.62,215.22,-2.69,-0.74,0.86,-0.0062,23.7,1694,5.5,18,0.5213,0.1704,40.0,2.0,35.2,19.8,3.0,false,true,251,1443
SPN35.cash,ok,index,eu_idx,M30,1.5,6.0,4.0,0.8,2.5,1.0,30,1.0,7.4,4.4,-48203.25,65042.08,65.04,-2.68,-0.74,0.87,-0.023,33.3,807,6.6,10,0.5373,0.3031,33.2,2.1,32.3,29.7,2.6,false,true,254,553
XAG_EUR,ok,commodity,metals,M30,1.5,6.0,4.0,0.8,2.5,1.0,30,1.0,8.7,4.6,-269668.13,366686.29,366.69,-3.42,-0.74,0.88,-0.0137,30.0,3034,3.3,25,0.6285,0.2884,45.3,0.5,23.9,29.7,0.6,false,true,236,2798
ICPUSD,ok,crypto,crypto,M30,1.5,6.0,4.0,1.0,3.0,1.0,30,1.0,28.5,6.0,-95819.8,122894.25,122.89,-4.07,-0.78,0.76,-0.2129,27.5,771,8.3,12,2.7033,1.3188,31.9,3.4,29.3,10.5,24.9,false,true,213,558
COFFEE.c,ok,commodity,agri,M30,1.5,6.0,4.0,0.8,2.5,1.0,30,1.0,14.6,8.6,-83367.9,103168.54,103.17,-5.98,-0.81,0.78,-0.119,32.2,695,4.8,7,1.2831,0.7859,44.7,1.0,22.9,30.8,0.6,false,true,275,420
SOLUSD,ok,crypto,crypto,M30,1.5,6.0,4.0,1.0,3.0,1.0,30,1.0,24.2,1.7,-122949.07,149949.86,149.95,-3.77,-0.82,0.77,-0.1336,22.2,770,9.8,12,2.4723,0.8776,43.1,2.2,33.6,14.2,6.9,false,true,232,538
UKOIL.cash,ok,commodity,oil,M30,1.5,6.0,4.0,0.8,2.5,1.0,30,1.0,8.7,2.7,-207139.45,249354.59,249.35,-1.98,-0.83,0.88,-0.0251,28.2,2078,5.5,22,0.7134,0.3144,50.4,1.0,21.1,24.7,2.8,false,true,244,1834
AVAUSD,ok,crypto,crypto,M30,1.5,6.0,4.0,1.0,3.0,1.0,30,1.0,32.4,9.9,-35481.26,41645.6,41.65,-6.38,-0.85,0.68,-0.2059,27.4,197,8.9,12,1.9885,1.0346,32.5,6.6,38.1,16.2,6.6,false,true,45,152
AAVUSD,ok,crypto,crypto,M30,1.5,6.0,4.0,1.0,3.0,1.0,30,1.0,23.1,0.6,-159715.16,183663.04,183.66,-6.24,-0.87,0.67,-0.1554,23.8,794,9.4,12,2.4398,0.9661,39.3,2.0,35.3,16.6,6.8,false,true,240,554
UK100.cash,ok,index,eu_idx,M30,1.5,6.0,4.0,0.8,2.5,1.0,30,1.0,4.3,1.3,-149341.7,169659.1,169.66,-2.38,-0.88,0.87,-0.0162,32.6,1938,6.6,24,0.2859,0.1623,36.2,1.2,28.7,28.4,5.5,false,true,255,1683
ALVG,ok,equity,eu_equity,M30,1.5,4.5,3.0,1.0,2.0,0.5,24,1.0,10.4,5.0,-65211.6,72428.9,72.43,-4.43,-0.9,0.78,-0.0659,33.4,470,7.3,6,0.7405,0.4705,44.3,1.3,22.1,29.4,3.0,false,true,276,194
ETCUSD,ok,crypto,crypto,M30,1.5,6.0,4.0,1.0,3.0,1.0,30,1.0,26.5,4.0,-103951.66,115628.59,115.63,-4.64,-0.9,0.7,-0.1653,26.8,604,13.1,12,2.4162,1.1115,37.6,3.5,32.0,12.4,14.6,false,true,236,368
US500.cash,ok,index,us_idx,M30,1.5,6.0,4.0,0.8,2.5,1.0,30,1.0,4.0,1.0,-509695.4,562259.75,562.26,-3.73,-0.91,0.81,-0.0198,23.3,2618,4.6,25,0.3291,0.1256,48.7,0.6,27.4,21.0,2.3,false,true,249,2369
US30.cash,ok,index,us_idx,M30,1.5,6.0,4.0,0.8,2.5,1.0,30,1.0,3.5,0.5,-155123.38,168229.5,168.23,-1.49,-0.92,0.91,-0.0106,27.7,2336,5.4,25,0.3044,0.1312,39.7,0.9,29.7,23.0,6.8,false,true,230,2106
BARUSD,ok,crypto,crypto,M30,1.5,6.0,4.0,1.0,3.0,1.0,30,1.0,27.4,4.9,-105350.28,113173.81,113.17,-4.99,-0.93,0.68,-0.2738,23.0,625,12.7,12,2.8578,1.2114,37.4,2.4,38.1,14.6,7.5,false,true,244,381
EU50.cash,ok,index,eu_idx,M30,1.5,6.0,4.0,0.8,2.5,1.0,30,1.0,6.1,3.1,-187655.97,201028.33,201.03,-5.14,-0.93,0.74,-0.0293,22.2,883,7.0,18,0.6558,0.2247,50.2,2.2,26.2,16.9,4.6,false,true,150,733
GALUSD,ok,crypto,crypto,M30,1.5,6.0,4.0,1.0,3.0,1.0,30,1.0,31.2,8.7,-105652.86,112707.49,112.71,-3.7,-0.94,0.77,-0.2262,25.4,635,10.9,12,2.9468,1.3039,46.0,1.7,27.2,15.1,9.9,false,true,203,432
UNIUSD,ok,crypto,crypto,M30,1.5,6.0,4.0,1.0,3.0,1.0,30,1.0,25.5,3.0,-44903.79,47361.85,47.36,-1.88,-0.95,0.88,-0.1221,30.4,697,10.9,12,2.6842,1.3488,39.7,2.0,26.0,15.9,16.4,false,true,206,491
GER40.cash,ok,index,eu_idx,M30,1.5,6.0,4.0,0.8,2.5,1.0,30,1.0,3.7,0.7,-462385.91,479706.07,479.71,-5.74,-0.96,0.79,-0.0211,27.3,2840,3.5,24,0.2903,0.1381,47.0,0.2,24.2,25.7,2.9,false,true,256,2584
AIRF,ok,equity,unknown,M30,1.5,4.5,3.0,1.0,2.0,0.5,24,1.0,56.2,50.8,-146859.1,150966.65,150.97,-13.22,-0.97,0.5,-0.4999,28.0,446,7.8,6,1.7543,1.3777,38.6,4.0,32.1,22.4,2.9,false,true,252,194
AUS200.cash,ok,index,apac_idx,M30,1.5,6.0,4.0,0.8,2.5,1.0,30,1.0,4.6,1.6,-354382.38,366738.66,366.74,-5.26,-0.97,0.8,-0.0227,33.3,2485,4.1,23,0.2327,0.1501,44.2,0.7,20.6,31.2,3.2,false,true,279,2206
COCOA.c,ok,commodity,agri,M30,1.5,6.0,4.0,0.8,2.5,1.0,30,1.0,25.2,19.2,-107201.85,110429.96,110.43,-8.46,-0.97,0.63,-0.2736,22.5,528,7.6,7,2.8678,1.1875,41.3,1.5,35.6,18.9,2.7,false,true,280,248
VECUSD,ok,crypto,crypto,M30,1.5,6.0,4.0,1.0,3.0,1.0,30,1.0,31.3,8.8,-135550.32,139837.79,139.84,-5.91,-0.97,0.65,-0.2559,22.0,685,11.1,12,2.6817,1.0866,33.7,2.6,41.5,11.5,10.7,false,true,247,438
XLMUSD,ok,crypto,crypto,M30,1.5,6.0,4.0,1.0,3.0,1.0,30,1.0,25.6,3.1,-285815.2,294541.98,294.54,-9.29,-0.97,0.56,-0.253,15.7,941,7.3,12,2.6824,0.8008,40.2,1.4,43.8,9.7,5.0,false,true,225,716
XPT_USD,ok,commodity,unknown,M30,1.5,6.0,4.0,0.8,2.5,1.0,30,1.0,32.0,25.9,-760310.9,781161.54,781.16,-17.83,-0.97,0.4,-0.2384,35.3,2102,6.1,25,0.5361,0.661,26.5,1.0,32.4,34.8,5.4,false,true,233,1869
FETUSD,ok,crypto,crypto,M30,1.5,6.0,4.0,1.0,3.0,1.0,30,1.0,25.4,2.9,-191543.33,196154.24,196.15,-6.65,-0.98,0.63,-0.2028,19.8,849,8.3,12,3.3034,1.0677,37.6,2.4,41.0,11.1,8.0,false,true,229,620
NERUSD,ok,crypto,crypto,M30,1.5,6.0,4.0,1.0,3.0,1.0,30,1.0,53.9,31.4,-170369.49,174355.41,174.36,-9.88,-0.98,0.5,-0.4945,22.9,507,12.1,12,2.8119,1.4755,35.3,3.0,40.2,15.2,6.3,false,true,156,351
US2000.cash,ok,index,us_idx,M30,1.5,6.0,4.0,0.8,2.5,1.0,30,1.0,7.3,4.3,-675001.68,691847.02,691.85,-4.23,-0.98,0.8,-0.0266,21.2,2680,4.5,25,0.565,0.1861,56.7,0.7,20.9,15.7,5.9,false,true,238,2442
XAU_AUD,ok,commodity,metals,M30,1.5,6.0,4.0,0.8,2.5,1.0,30,1.0,5.1,1.0,-549883.31,559028.11,559.03,-6.54,-0.98,0.78,-0.0224,27.5,3052,3.3,25,0.3209,0.1523,50.6,0.6,21.9,26.0,1.0,false,true,238,2814
XTZUSD,ok,crypto,unknown,M30,1.5,6.0,4.0,1.0,3.0,1.0,30,1.0,71.5,49.0,-412560.33,421003.94,421.0,-8.64,-0.98,0.52,-0.5968,21.5,776,9.6,12,2.6293,1.4815,50.5,1.4,26.2,15.1,6.8,false,true,240,536
AUD_JPY,ok,forex,forex,M30,1.5,6.0,4.0,0.8,2.5,1.0,30,1.0,4.7,1.2,-958663.24,965672.16,965.67,-9.07,-0.99,0.63,-0.0322,16.8,2369,5.9,26,0.4052,0.1205,57.1,1.9,26.0,12.2,2.8,false,true,252,2117
AUD_USD,ok,forex,forex,M30,1.5,6.0,4.0,0.8,2.5,1.0,30,1.0,4.1,0.6,-347802.66,352627.66,352.63,-6.88,-0.99,0.68,-0.0257,40.8,2063,6.7,26,0.1658,0.1578,32.1,0.9,24.5,39.3,3.1,false,true,246,1817
BCHUSD,ok,crypto,unknown,M30,1.5,6.0,4.0,1.0,3.0,1.0,30,1.0,39.5,17.0,-612394.21,617334.47,617.33,-5.85,-0.99,0.63,-0.2958,22.7,1838,12.0,37,2.6647,1.1673,46.1,2.5,29.5,14.5,7.4,false,true,192,1646
CAD_JPY,ok,forex,forex,M30,1.5,6.0,4.0,0.8,2.5,1.0,30,1.0,4.9,1.4,-844761.24,850490.14,850.49,-8.9,-0.99,0.61,-0.0338,20.1,2241,6.4,26,0.3278,0.1246,46.8,1.9,32.6,14.7,4.0,false,true,250,1991
DASHUSD,ok,crypto,crypto,M30,1.5,6.0,4.0,1.0,3.0,1.0,30,1.0,31.6,9.1,-929079.75,937429.35,937.43,-9.22,-0.99,0.6,-0.2716,25.3,3193,6.2,37,2.2431,1.1221,39.8,1.0,32.1,19.8,7.3,false,true,207,2986
EUR_JPY,ok,forex,forex,M30,1.5,6.0,4.0,0.8,2.5,1.0,30,1.0,4.3,0.8,-605376.68,611216.58,611.22,-7.64,-0.99,0.66,-0.0295,25.1,1995,7.6,26,0.2795,0.1331,49.0,4.6,25.3,17.9,3.2,false,true,227,1768
NZD_CAD,ok,forex,unknown,M30,1.5,6.0,4.0,0.8,2.5,1.0,30,1.0,5.3,1.8,-1842164.18,1855965.18,1855.97,-20.2,-0.99,0.41,-0.0476,23.1,2545,5.1,26,0.1535,0.108,51.7,0.9,23.9,20.9,2.6,false,true,255,2290
USDZAR,ok,index,unknown,M30,1.5,6.0,4.0,0.8,2.5,1.0,30,1.0,8.5,5.5,-1775396.7,1792403.44,1792.4,-14.19,-0.99,0.5,-0.0599,22.9,2330,6.1,26,0.3014,0.1671,53.3,0.7,22.9,20.5,2.5,false,true,229,2101
USD_HUF,ok,forex,unknown,M30,1.5,6.0,4.0,0.8,2.5,1.0,30,1.0,8.8,5.3,-993306.27,1000020.17,1000.02,-15.99,-0.99,0.47,-0.0602,36.0,2327,5.5,26,0.1602,0.1843,35.0,0.8,21.5,35.0,7.7,false,true,235,2092
USD_ZAR,ok,forex,unknown,M30,1.5,6.0,4.0,0.8,2.5,1.0,30,1.0,9.0,5.5,-1921805.3,1937887.65,1937.89,-15.32,-0.99,0.47,-0.0649,22.9,2330,6.1,26,0.2964,0.1721,53.3,0.7,22.9,20.5,2.5,false,true,229,2101
USOIL.cash,ok,commodity,oil,M30,1.5,6.0,4.0,0.8,2.5,1.0,30,1.0,9.9,3.9,-331111.56,334598.5,334.6,-6.65,-0.99,0.77,-0.047,34.2,1788,3.6,25,0.4872,0.3243,45.7,0.8,17.6,31.7,4.3,false,true,191,1597
VOWG_p,ok,equity,unknown,M30,1.5,4.5,3.0,1.0,2.0,0.5,24,1.0,34.1,28.7,-136670.87,137518.31,137.52,-10.4,-0.99,0.57,-0.2517,31.1,427,7.9,6,1.1357,0.8794,41.7,3.0,25.8,26.0,3.5,false,true,254,173
WHEAT.c,ok,commodity,unknown,M30,1.5,6.0,4.0,0.8,2.5,1.0,30,1.0,26.5,20.5,-1269367.0,1278735.55,1278.74,-16.74,-0.99,0.44,-0.1737,26.1,1567,6.4,18,0.6642,0.4697,46.4,1.8,26.4,22.1,3.3,false,true,223,1344
XAU_EUR,ok,commodity,metals,M30,1.5,6.0,4.0,0.8,2.5,1.0,30,1.0,5.7,1.6,-661954.72,670774.35,670.77,-6.48,-0.99,0.75,-0.0313,22.3,2814,4.1,25,0.4112,0.1585,53.8,0.1,23.6,21.1,1.4,false,true,239,2575
XCU_USD,ok,commodity,metals,M30,1.5,6.0,4.0,0.8,2.5,1.0,30,1.0,12.5,8.3,-257307.51,258753.54,258.75,-8.2,-0.99,0.58,-0.1058,19.4,840,7.5,11,0.9222,0.3534,38.0,0.7,41.7,14.9,4.8,false,true,249,591
XAU_USD,ok,commodity,metals,M30,1.5,6.0,4.0,0.8,2.5,1.0,30,1.0,4.9,0.8,-529666.97,536407.87,536.41,-4.53,-0.99,0.78,-0.0311,16.3,2511,5.1,25,0.5876,0.1519,56.0,1.0,27.3,13.2,2.5,false,true,238,2273
ALGUSD,ok,crypto,crypto,M30,1.5,6.0,4.0,1.0,3.0,1.0,30,1.0,38.0,15.5,-221522.73,222631.59,222.63,-5.54,-1.0,0.66,-0.3319,22.2,731,10.4,12,2.8984,1.2516,52.1,1.5,24.8,15.2,6.4,false,true,227,504
ADAUSD,ok,crypto,unknown,M30,1.5,6.0,4.0,1.0,3.0,1.0,30,1.0,61.8,39.3,-2030118.56,2030118.56,2030.12,-15.42,-1.0,0.4,-0.6076,15.1,2935,7.3,37,2.8273,1.2166,47.6,1.2,36.0,8.0,7.2,false,true,220,2715
AUDNZD,ok,index,unknown,M30,1.5,6.0,4.0,0.8,2.5,1.0,30,1.0,4.1,1.1,-494528.55,494711.71,494.71,-12.66,-1.0,0.47,-0.0332,35.1,1700,9.0,26,0.095,0.1024,28.4,1.0,30.8,32.6,7.2,false,true,241,1459
AUD_CAD,ok,forex,unknown,M30,1.5,6.0,4.0,0.8,2.5,1.0,30,1.0,4.8,1.3,-491863.32,493431.18,493.43,-12.91,-1.0,0.52,-0.0346,39.1,2138,6.3,26,0.1023,0.1223,25.0,0.4,32.7,37.9,4.0,false,true,226,1912
AUD_CHF,ok,forex,forex,M30,1.5,6.0,4.0,0.8,2.5,1.0,30,1.0,5.1,1.6,-590260.27,590714.49,590.71,-6.98,-1.0,0.66,-0.0364,21.8,2056,7.2,26,0.2932,0.1283,41.6,1.3,35.8,16.6,4.7,false,true,243,1813
AUD_NZD,ok,forex,unknown,M30,1.5,6.0,4.0,0.8,2.5,1.0,30,1.0,4.6,1.1,-565748.25,565760.31,565.76,-14.45,-1.0,0.42,-0.0382,34.0,1700,9.0,26,0.0929,0.1057,28.4,1.0,30.8,32.6,7.2,false,true,241,1459
BNBUSD,ok,crypto,crypto,M30,1.5,6.0,4.0,1.0,3.0,1.0,30,1.0,22.8,0.3,-270458.25,270458.25,270.46,-7.81,-1.0,0.61,-0.1855,24.3,773,9.8,12,1.5672,0.7487,49.3,4.4,24.8,13.5,8.0,false,true,234,539
BTCUSD,ok,crypto,unknown,M30,1.5,6.0,4.0,1.0,3.0,1.0,30,1.0,22.9,0.4,-596593.95,598371.07,598.37,-6.25,-1.0,0.61,-0.1814,20.1,2297,9.8,37,1.489,0.6008,32.3,2.0,45.0,13.2,7.5,false,true,230,2067
CADCHF,ok,index,unknown,M30,1.5,6.0,4.0,0.8,2.5,1.0,30,1.0,4.9,1.9,-1877695.88,1882029.93,1882.03,-16.56,-1.0,0.46,-0.0358,17.5,2573,5.3,26,0.2338,0.0931,53.1,1.2,28.9,11.7,5.1,false,true,245,2328
CAD_CHF,ok,index,unknown,M30,1.5,6.0,4.0,0.8,2.5,1.0,30,1.0,4.9,1.9,-1877695.88,1882029.93,1882.03,-16.56,-1.0,0.46,-0.0358,17.5,2573,5.3,26,0.2338,0.0931,53.1,1.2,28.9,11.7,5.1,false,true,245,2328
CHF_JPY,ok,forex,unknown,M30,1.5,6.0,4.0,0.8,2.5,1.0,30,1.0,4.6,1.1,-603533.47,603638.11,603.64,-11.35,-1.0,0.53,-0.0437,32.1,2092,6.7,26,0.1448,0.1329,36.8,2.6,28.7,27.5,4.4,false,true,236,1856
CORN.c,ok,commodity,unknown,M30,1.5,6.0,4.0,0.8,2.5,1.0,30,1.0,26.4,20.4,-1133273.43,1134006.41,1134.01,-23.44,-1.0,0.3,-0.2114,23.2,1549,5.8,17,0.3781,0.3892,31.2,1.5,30.1,33.1,4.1,false,true,235,1314
DOGEUSD,ok,crypto,unknown,M30,1.5,6.0,4.0,1.0,3.0,1.0,30,1.0,47.7,25.2,-1825168.97,1825168.97,1825.17,-16.61,-1.0,0.44,-0.4574,18.3,3524,5.3,37,2.0459,1.0194,40.3,1.0,38.8,12.9,7.0,false,true,218,3306
DXY.cash,ok,forex,unknown,M30,1.5,6.0,4.0,0.8,2.5,1.0,30,1.0,6.2,2.7,-736766.44,736766.44,736.77,-29.42,-1.0,0.26,-0.0565,22.3,1034,4.5,10,0.1068,0.1034,35.0,0.7,36.3,25.7,2.3,false,true,257,777
DOTUSD,ok,crypto,unknown,M30,1.5,6.0,4.0,1.0,3.0,1.0,30,1.0,57.8,35.3,-1396592.2,1402643.11,1402.64,-17.06,-1.0,0.4,-0.5486,21.5,3001,6.7,37,1.8609,1.2096,34.0,1.1,39.7,15.3,10.0,false,true,222,2779
ETHUSD,ok,crypto,unknown,M30,1.5,6.0,4.0,1.0,3.0,1.0,30,1.0,34.9,12.4,-691930.69,693434.38,693.43,-9.13,-1.0,0.51,-0.3435,22.6,1985,12.0,37,2.0902,1.0549,36.2,2.2,37.9,13.7,10.0,false,true,225,1760
EUR_AUD,ok,forex,unknown,M30,1.5,6.0,4.0,0.8,2.5,1.0,30,1.0,4.5,1.0,-1672159.66,1672910.6,1672.91,-13.9,-1.0,0.52,-0.0345,16.8,2643,5.0,26,0.2352,0.0888,56.1,0.5,25.8,13.4,4.2,false,true,248,2395
EUR_CAD,ok,forex,unknown,M30,1.5,6.0,4.0,0.8,2.5,1.0,30,1.0,4.5,1.0,-2277252.28,2277417.14,2277.42,-18.59,-1.0,0.44,-0.0343,25.6,2780,4.5,26,0.1085,0.0836,55.2,0.8,17.4,23.1,3.5,false,true,234,2546
EUR_CHF,ok,forex,unknown,M30,1.5,6.0,4.0,0.8,2.5,1.0,30,1.0,4.5,1.0,-1383178.33,1383616.58,1383.62,-14.38,-1.0,0.46,-0.0341,23.3,2357,5.7,26,0.1234,0.082,41.8,0.4,32.8,20.4,4.6,false,true,235,2122
EUR_CZK,ok,forex,unknown,M30,1.5,6.0,4.0,0.8,2.5,1.0,30,1.0,10.2,6.7,-1998298.21,1998298.21,1998.3,-37.93,-1.0,0.08,-0.0867,14.0,1755,7.9,26,0.0531,0.1095,24.4,1.3,22.3,40.8,11.2,false,true,221,1534
EUR_GBP,ok,forex,unknown,M30,1.5,6.0,4.0,0.8,2.5,1.0,30,1.0,4.3,0.8,-1881922.69,1883503.62,1883.5,-24.95,-1.0,0.33,-0.0374,28.8,2591,4.7,26,0.0635,0.0782,40.7,0.8,22.7,28.9,6.8,false,true,223,2368
EUR_HUF,ok,forex,unknown,M30,1.5,6.0,4.0,0.8,2.5,1.0,30,1.0,9.1,5.6,-1267667.69,1267667.69,1267.67,-23.84,-1.0,0.27,-0.066,27.5,2064,6.3,26,0.0945,0.1269,28.9,0.9,21.7,43.3,5.1,false,true,225,1839
EUR_NOK,ok,forex,unknown,M30,1.5,6.0,4.0,0.8,2.5,1.0,30,1.0,8.1,4.6,-1349760.16,1349760.16,1349.76,-21.39,-1.0,0.33,-0.0602,34.0,2316,5.4,26,0.1061,0.1458,36.0,0.5,15.9,41.2,6.4,false,true,239,2077
EUR_NZD,ok,forex,unknown,M30,1.5,6.0,4.0,0.8,2.5,1.0,30,1.0,4.7,1.2,-845582.5,845582.5,845.58,-15.41,-1.0,0.47,-0.0391,32.7,2341,5.5,26,0.1184,0.1156,33.4,0.8,32.7,31.5,1.6,false,true,258,2083
EUR_PLN,ok,forex,unknown,M30,1.5,6.0,4.0,0.8,2.5,1.0,30,1.0,9.0,5.5,-2421862.84,2421862.84,2421.86,-35.68,-1.0,0.11,-0.0755,19.9,2149,5.9,26,0.0575,0.1085,33.7,1.6,14.8,43.2,6.7,false,true,224,1925
EUR_USD,ok,forex,forex,M30,1.5,6.0,4.0,0.8,2.5,1.0,30,1.0,3.8,0.3,-564186.06,565200.62,565.2,-7.96,-1.0,0.65,-0.0217,38.5,2240,6.1,26,0.1275,0.1151,36.1,0.7,23.0,35.6,4.6,false,true,246,1994
GBPJPY,ok,index,unknown,M30,1.5,6.0,4.0,0.8,2.5,1.0,30,1.0,4.0,1.0,-301415.91,301415.91,301.42,-5.14,-1.0,0.71,-0.0193,25.9,1643,9.7,26,0.3393,0.1444,38.5,1.5,34.3,19.2,6.6,false,true,241,1402
GBP_AUD,ok,forex,unknown,M30,1.5,6.0,4.0,0.8,2.5,1.0,30,1.0,4.6,1.1,-1143784.39,1145877.8,1145.88,-13.75,-1.0,0.5,-0.0403,22.7,2256,6.3,26,0.1913,0.1082,49.2,0.7,27.1,19.2,3.9,false,true,251,2005
GBP_CAD,ok,forex,unknown,M30,1.5,6.0,4.0,0.8,2.5,1.0,30,1.0,4.5,1.0,-1546919.17,1546919.17,1546.92,-15.23,-1.0,0.47,-0.0347,28.9,2517,5.0,26,0.1044,0.0912,45.8,0.8,22.7,27.4,3.3,false,true,241,2276
GBP_CHF,ok,forex,unknown,M30,1.5,6.0,4.0,0.8,2.5,1.0,30,1.0,4.8,1.3,-2392163.86,2404102.05,2404.1,-19.81,-1.0,0.41,-0.0402,16.8,2664,4.9,26,0.1832,0.0853,56.1,0.8,26.3,12.8,4.0,false,true,239,2425
GBP_JPY,ok,forex,forex,M30,1.5,6.0,4.0,0.8,2.5,1.0,30,1.0,4.5,1.0,-366333.43,366333.43,366.33,-6.23,-1.0,0.66,-0.0264,25.5,1652,9.6,26,0.3335,0.1495,38.9,1.4,34.4,19.0,6.3,false,true,241,1411
GBP_NZD,ok,forex,unknown,M30,1.5,6.0,4.0,0.8,2.5,1.0,30,1.0,4.5,1.0,-935090.65,935740.67,935.74,-13.14,-1.0,0.53,-0.0341,32.1,2450,5.2,26,0.1216,0.1078,39.7,0.2,25.3,31.7,3.1,false,true,245,2205
GBP_USD,ok,forex,forex,M30,1.5,6.0,4.0,0.8,2.5,1.0,30,1.0,4.0,0.5,-605494.2,605880.8,605.88,-9.16,-1.0,0.6,-0.0259,34.1,2157,6.4,26,0.134,0.1086,35.7,0.6,28.3,31.4,4.0,false,true,238,1919
HEATOIL.c,ok,commodity,unknown,M30,1.5,6.0,4.0,0.8,2.5,1.0,30,1.0,416.4,410.4,-22412654.14,22412654.14,22412.65,-104.2,-1.0,0.0,-4.1111,0.1,1142,4.7,11,0.3121,4.115,53.2,1.0,21.9,20.5,3.4,false,true,251,891
IBE,ok,equity,unknown,M30,1.5,4.5,3.0,1.0,2.0,0.5,24,1.0,34.5,29.1,-421633.6,421633.6,421.63,-37.67,-1.0,0.22,-0.3306,26.0,581,5.0,6,0.3584,0.5726,37.2,1.4,28.1,31.3,2.1,false,true,284,297
N25.cash,ok,index,unknown,M30,1.5,6.0,4.0,0.8,2.5,1.0,30,1.0,17.4,14.4,-378083.22,378350.91,378.35,-13.98,-1.0,0.44,-0.131,27.8,857,9.1,13,0.5048,0.3754,38.2,2.2,31.7,22.6,5.3,false,true,257,600
NATGAS.cash,ok,commodity,unknown,M30,1.5,6.0,4.0,0.8,2.5,1.0,30,1.0,116.6,110.6,-3061350.64,3064666.69,3064.67,-32.35,-1.0,0.17,-1.0063,17.9,1298,6.7,15,1.3073,1.5098,49.8,1.5,22.2,18.3,8.2,false,true,242,1056
LTCUSD,ok,crypto,unknown,M30,1.5,6.0,4.0,1.0,3.0,1.0,30,1.0,50.4,27.9,-1285995.06,1285995.06,1286.0,-15.17,-1.0,0.39,-0.4655,20.3,2690,8.0,37,1.9343,1.0752,32.1,2.2,44.8,14.2,6.6,false,true,210,2480
NZDUSD,ok,index,unknown,M30,1.5,6.0,4.0,0.8,2.5,1.0,30,1.0,4.4,1.4,-485059.23,486387.99,486.39,-9.61,-1.0,0.64,-0.0326,31.5,2476,5.1,26,0.1743,0.1279,32.4,0.6,35.1,29.3,2.7,false,true,258,2218
NEOUSD,ok,crypto,unknown,M30,1.5,6.0,4.0,1.0,3.0,1.0,30,1.0,263.5,241.0,-5925733.21,5925733.21,5925.73,-41.02,-1.0,0.08,-2.5784,11.2,2396,9.5,37,2.1249,3.1732,48.9,3.4,23.7,11.8,12.2,false,true,218,2178
NZD_JPY,ok,forex,forex,M30,1.5,6.0,4.0,0.8,2.5,1.0,30,1.0,5.0,1.5,-997765.13,1001445.98,1001.45,-11.4,-1.0,0.59,-0.0368,23.3,2553,5.1,26,0.2677,0.1294,49.9,1.3,26.4,18.9,3.5,false,true,252,2301
SOYBEAN.c,ok,commodity,unknown,M30,1.5,6.0,4.0,0.8,2.5,1.0,30,1.0,24.8,18.8,-861819.48,863792.66,863.79,-20.54,-1.0,0.33,-0.2106,27.8,1303,8.2,18,0.3852,0.4398,40.1,1.6,25.6,28.9,3.8,false,true,220,1083
USDCNH,ok,index,unknown,M30,1.5,6.0,4.0,0.8,2.5,1.0,30,1.0,4.0,1.0,-583938.59,584310.84,584.31,-34.56,-1.0,0.17,-0.0357,18.0,707,7.0,9,0.0385,0.0519,29.7,2.4,35.1,27.7,5.1,false,true,241,466
USD_CAD,ok,forex,unknown,M30,1.5,6.0,4.0,0.8,2.5,1.0,30,1.0,3.9,0.4,-537667.87,537667.87,537.67,-12.39,-1.0,0.49,-0.029,35.9,1971,7.1,26,0.0898,0.0957,25.6,1.9,30.6,33.5,8.4,false,true,248,1723
USD_CNH,ok,forex,unknown,M30,1.5,6.0,4.0,0.8,2.5,1.0,30,1.0,4.5,1.0,-666209.94,666475.87,666.48,-39.03,-1.0,0.13,-0.0407,16.0,707,7.0,9,0.038,0.0556,29.7,2.4,35.1,27.7,5.1,false,true,241,466
USD_CHF,ok,forex,forex,M30,1.5,6.0,4.0,0.8,2.5,1.0,30,1.0,4.3,0.8,-1855858.03,1856093.92,1856.09,-14.49,-1.0,0.53,-0.0297,23.6,2887,4.3,26,0.1596,0.088,57.8,1.1,18.0,20.7,2.4,false,true,240,2647
USD_CZK,ok,forex,unknown,M30,1.5,6.0,4.0,0.8,2.5,1.0,30,1.0,9.8,6.3,-2281386.21,2281386.21,2281.39,-26.53,-1.0,0.26,-0.0871,24.2,2469,5.3,26,0.1338,0.1575,38.2,0.6,31.0,25.3,4.8,false,true,231,2238
USD_HKD,ok,forex,unknown,M30,1.5,6.0,4.0,0.8,2.5,1.0,30,1.0,4.0,0.5,-7038371.75,7038371.75,7038.37,-35.48,-1.0,0.02,-0.0377,3.1,1827,7.7,26,0.0152,0.0394,31.0,2.4,18.9,42.1,5.6,false,true,260,1567
USD_ILS,ok,forex,unknown,M30,1.5,6.0,4.0,0.8,2.5,1.0,30,1.0,9.8,6.3,-397074.15,397825.56,397.83,-9.04,-1.0,0.59,-0.0458,48.3,1914,7.0,26,0.1672,0.2451,27.2,1.3,14.3,48.2,9.0,false,true,242,1672
USD_JPY,ok,forex,forex,M30,1.5,6.0,4.0,0.8,2.5,1.0,30,1.0,4.0,0.5,-894421.35,895833.77,895.83,-7.89,-1.0,0.65,-0.026,18.8,2320,6.2,26,0.3437,0.1113,58.1,1.1,22.8,15.1,2.9,false,true,238,2082
USD_MXN,ok,forex,unknown,M30,1.5,6.0,4.0,0.8,2.5,1.0,30,1.0,6.1,2.6,-1970701.33,1971745.9,1971.75,-11.69,-1.0,0.56,-0.0382,22.6,2629,5.0,26,0.2715,0.1284,59.1,0.9,17.5,17.9,4.7,false,true,267,2362
USD_NOK,ok,forex,unknown,M30,1.5,6.0,4.0,0.8,2.5,1.0,30,1.0,8.1,4.6,-435570.23,435653.2,435.65,-9.11,-1.0,0.6,-0.0458,47.7,1866,7.7,26,0.1686,0.2418,32.2,0.5,12.6,44.3,10.3,false,true,224,1642
USD_PLN,ok,forex,unknown,M30,1.5,6.0,4.0,0.8,2.5,1.0,30,1.0,8.5,5.0,-1950615.63,1950615.63,1950.62,-20.95,-1.0,0.33,-0.0684,31.6,2235,6.2,26,0.1568,0.1725,45.9,1.7,17.8,28.8,5.9,false,true,233,2002
USD_SGD,ok,forex,unknown,M30,1.5,6.0,4.0,0.8,2.5,1.0,30,1.0,5.7,2.2,-887207.28,887207.28,887.21,-38.8,-1.0,0.16,-0.0502,19.6,935,4.2,9,0.0471,0.0738,34.8,0.6,29.8,32.7,2.0,false,true,244,691
USD_SEK,ok,forex,unknown,M30,1.5,6.0,4.0,0.8,2.5,1.0,30,1.0,8.7,5.2,-1739386.25,1742484.09,1742.48,-19.99,-1.0,0.39,-0.0688,31.1,2520,5.0,26,0.161,0.1724,43.9,0.5,19.8,32.3,3.5,false,true,252,2268
XPD_USD,ok,commodity,unknown,M30,1.5,6.0,4.0,0.8,2.5,1.0,30,1.0,52.8,46.6,-2820787.49,2825559.81,2825.56,-32.97,-1.0,0.22,-0.4219,27.2,2516,4.7,25,0.5904,0.8006,42.7,0.9,17.3,34.2,4.9,false,true,235,2281
XMRUSD,ok,crypto,unknown,M30,1.5,6.0,4.0,1.0,3.0,1.0,30,1.0,120.2,97.7,-1174367.99,1174367.99,1174.37,-15.53,-1.0,0.3,-1.0758,28.6,1646,15.2,37,1.6887,2.1807,35.7,1.5,28.3,24.8,9.7,false,true,219,1427
XRPUSD,ok,crypto,unknown,M30,1.5,6.0,4.0,1.0,3.0,1.0,30,1.0,63.4,40.9,-2107070.2,2107161.91,2107.16,-18.84,-1.0,0.33,-0.5579,25.5,3192,6.1,37,1.4505,1.2454,38.0,0.6,28.7,19.5,13.2,false,true,220,2972
