trade_num,equity
0,100000.0
1,84281.41695654298
2,64060.83625156591
3,98240.63458514685
4,97971.65763407148
5,97703.41712571675
6,99675.1248838544
7,99402.22038458553
8,77963.55254131422
9,77750.0930217771
10,62130.843797391004
11,49984.9800217676
12,41412.465051023806
13,57500.6908173665
14,75183.39638093018
15,74977.54876181178
16,63113.076536510605
17,51955.47953771013
18,74831.18851626322
19,74626.30522110286
20,93734.7572774928
21,82605.50994151046
22,73851.60239431012
23,64923.48264987218
24,64745.726057703374
25,64568.45615239685
26,57737.94870599992
27,57579.8656737611
28,57422.21546336029
29,50400.82925827562
30,50262.83481796272
31,50125.218198130904
32,49987.97836433041
33,46574.926493208564
34,43040.07509576515
35,39672.46964447635
36,36301.74374564723
37,42376.43901022857
38,35214.21540725565
39,35117.80100261797
40,58161.526302955324
41,58002.283540722354
42,51180.37121070136
43,57364.002728504405
44,66358.34053463096
45,66176.65538784013
46,63307.804599575946
47,60003.2402941662
48,59838.95502975274
49,54823.082743467974
50,65249.3634733344
51,60323.44555431202
52,55367.89232254052
53,49890.12241433842
54,44225.408298828996
55,39525.96750406272
56,47832.68783195859
57,42414.825373937696
58,37026.438964408735
59,32191.003258369794
60,32102.866226834347
61,40118.50400985603
62,40008.661957879835
63,47553.04166275084
64,43561.294422004
65,49161.15151486992
66,46020.82152321822
67,42281.506479748314
68,38911.77119812674
69,38805.23310803793
70,38698.98671283451
71,36879.05996811908
72,40110.35160146669
73,36700.636872469775
74,32965.07292631932
75,37665.68242289624
76,35797.16611838117
77,33715.615456834734
78,33623.30412876255
79,33531.245543556695
80,31886.98588762785
81,29971.670950706004
82,29889.610317598348
83,29807.774361570497
84,41152.54593763492
85,41039.87274102909
86,45729.97727608206
87,50660.19765438877
88,50521.493079001055
89,47767.80908830924
90,45312.40645829752
91,42541.27077429747
92,39426.37190063248
93,39318.42486475901
94,36268.88550270872
95,33726.45824389481
96,33634.11722892355
97,30695.08102088391
98,36135.742825521214
99,31340.51247465669
100,26510.54587696036
101,26437.961596215024
102,23703.256849204907
103,19006.748936307606
104,20844.46698033999
105,20787.396082957872
106,20730.481442261575
107,25343.00487819483
108,25273.61725450927
109,25204.41960996564
110,25135.411424412472
111,25066.592179122443
112,22407.244120235355
113,20598.183167354313
114,25286.279203582297
115,25217.046891383365
116,29209.5416988015
117,27145.36165994268
118,31505.225987598584
119,41449.66340733772
120,37709.22282960909
121,48986.250601024236
122,38749.89485506787
123,35408.489103403146
124,45613.80620285819
125,42123.04448329124
126,38965.36157801731
127,35758.48897710324
128,32455.997480703325
129,29507.92790478298
130,27370.34480031226
131,31939.91169377613
132,30985.20482171587
133,30900.369193805025
134,30121.56105744752
135,30039.090034239292
136,29956.84481173429
137,29475.848525534002
138,28966.836270960557
139,28371.114635749727
140,27629.494866537036
141,26748.581076450373
142,26675.345069639974
143,25962.54450311507
144,25154.6691131004
145,27047.055938680613
146,26973.002725642316
147,26419.34893225921
148,28420.498919265337
149,28342.685301920275
150,28265.084733581196
151,29300.715273017144
152,29220.491676215835
153,31078.36395332452
154,32536.42493147399
155,33532.17871944455
156,32920.6660515949
157,33910.84059059969
158,35381.46999430033
159,35284.597656658996
160,34716.62756820024
161,34046.01943040297
162,38941.40604476618
163,114751.72896725853
164,116147.95706860776
165,115829.95094519587
166,121184.09987455935
167,127007.33464488774
168,130749.92877613989
169,130391.94333209183
170,128454.99190728167
171,128103.28986240446
172,126420.56957787141
173,124840.76990666683
174,123010.05453950136
175,122673.26040577686
176,120949.66643806148
177,120618.51352308417
178,118612.86627714908
179,116474.50216438518
180,121108.06855753601
181,119060.15435514756
182,117071.82695363669
183,115065.3015544497
184,113049.13095237379
185,110946.08516187599
186,108741.33638927681
187,112944.95054488064
188,110980.84299050506
189,113934.85178343256
190,112229.45632685587
191,110740.34290123744
192,110437.1425002995
193,108744.09156780517
194,107035.07315917716
195,106742.01756402492
196,110138.38217480428
197,108810.03164898296
198,107072.51777839768
199,106779.35966212925
200,106487.00419515793
201,103806.16787406008
202,103521.9528274504
203,101937.51264232151
204,100037.02779340245
205,97952.47156319044
206,100671.88527148502
207,99084.48298608614
208,104378.73037202275
209,102770.17575503951
210,102488.79719256583
211,105415.23954394467
212,116223.93602340553
213,112039.3553568099
214,116540.37206853513
215,114716.29889737454
216,113039.8023475082
217,111555.67992272726
218,111250.24717804413
219,110945.65068985272
220,110641.88816853304
221,108737.57196748229
222,106683.079216422
223,104741.69826121775
224,107334.27317016444
225,107040.3983833706
226,106747.32820807469
227,109494.55633092084
228,109194.7668187133
229,113465.01008495792
230,115817.47978190884
231,115500.378485439
232,114156.3066545384
233,112909.29855879038
234,111648.81328199113
235,110244.62334923519
236,108635.37858647977
237,106723.85020227917
238,108771.19191757543
239,114663.33956930993
240,118650.03096456894
241,118325.17431325949
242,115899.49313641449
243,113594.44764052655
244,111288.53432141083
245,110983.83300532278
246,110679.96594311895
247,109255.30857233168
248,112075.96942319558
249,113986.49382832323
250,112486.70405554505
251,110965.99817752122
252,108796.21275655618
253,106385.07376482656
254,103381.34281513673
255,100592.44747262205
256,100317.03139925636
257,98620.98188685808
258,96804.31681959597
259,94840.96845569718
260,98601.42466772023
261,96255.79780789121
262,98253.34861273035
263,101163.20915128717
264,104666.6403286169
265,104380.06936015992
266,104094.28300578537
267,103809.27911726707
268,103525.05555226054
269,102150.14110112237
270,100528.78547452753
271,103462.30565163666
272,106504.31618622874
273,104880.79292060551
274,102319.79303830686
275,102039.64759663372
276,100190.65203626628
277,98106.92523668404
278,101232.80355216026
279,99180.96402623095
280,98909.41250968035
281,103227.33670067888
282,102944.70645902146
283,101212.16081371879
284,105214.59449980404
285,103410.49452887665
286,103127.36281209742
287,105515.30469924376
288,110122.76244930553
289,107910.40302941548
290,105311.24337260413
291,102504.58079594657
292,98863.24457271007
293,98592.56295292129
294,98322.62244313357
295,95372.91839177017
296,92602.57200407679
297,99345.72645021473
298,97097.7816193218
299,95225.46324808364
300,93124.78548787144
301,90402.8303249082
302,87710.26333760843
303,87470.11790990234
304,85004.22617695262
305,82919.22984343077
306,80863.69933688956
307,78893.53404680672
308,78677.52829381987
309,76540.90815085206
310,81803.11632543657
311,84206.85768049688
312,82577.18771526251
313,80796.81819478224
314,80575.6013642274
315,83332.4420443404
316,86225.71614084828
317,84038.76261276728
318,89731.53488859498
319,87744.56457758279
320,91131.21427802667
321,88770.73636910059
322,92315.81798668917
323,90583.81000349803
324,88675.83041525533
325,86975.55773312754
326,86737.42388519458
327,85204.11289092519
328,84023.76776862917
329,82745.17130127242
330,81447.0090939617
331,80035.47707262906
332,79816.34474829336
333,78060.22906824906
334,76262.84153603503
335,74449.65642531904
336,72903.22687845382
337,72703.62222634496
338,74608.8355556339
339,74404.56104951144
340,77006.33688190354
341,75629.82293482985
342,75422.75302664691
343,74204.66376493045
344,73011.1496076063
345,74854.0837669681
346,73298.25145713605
347,71733.55953222478
348,71537.15735898721
349,69903.09697387216
350,69711.70649706837
351,69520.8400358833
352,68000.95013647428
353,67814.7676233505
354,70557.86232306514
355,72859.8941137793
356,71830.26987689605
357,70898.29463448717
358,70704.17936632186
359,69600.38140697604
360,68571.86809524488
361,70002.14878912883
362,69018.30504596683
363,67940.43313789189
364,66704.30077837536
365,66521.66841323697
366,66339.53608453412
367,64893.62645325852
368,63440.43773456094
369,63266.7416302067
370,61437.46726457565
371,59611.72386158401
372,58213.55160039273
373,63695.45624541417
374,63521.06191570942
375,69263.26062804702
376,69073.62198468989
377,66656.9733626164
378,70825.68052403489
379,70631.76406893828
380,69069.21651902121
381,68880.10915676829
382,68691.5195591037
383,67544.71930621772
384,66373.75963418678
385,66192.0322708284
386,65050.17106232676
387,67559.35095858862
388,67374.37751746409
389,67189.9105225004
390,66211.09311026179
391,67980.60906471022
392,67025.39103211717
393,66098.8824952663
394,65189.26174875095
395,65010.777469388566
396,63842.53834186444
397,62600.9687509812
398,62429.57106223348
399,61194.93409647349
400,61027.386046076266
401,62862.73695830477
402,65810.37279818351
403,64159.72009647793
404,62160.348339614095
405,61990.15704306174
406,60274.71511346539
407,57852.024896482944
408,55157.439369704574
409,55006.42161688327
410,54855.81734158971
411,53093.44249026517
412,57603.69524301989
413,57445.979788691126
414,56135.06210909081
415,57819.07901295499
416,57660.77385081344
417,57502.902118688224
418,57345.462629874004
419,57188.45420091459
420,55827.04527807241
421,54445.6845456521
422,54296.61553474696
423,54147.95466583136
424,53077.556262373386
425,52932.23310445333
426,51450.567142716915
427,51309.69858318871
428,50218.67202610177
429,50081.17632133892
430,51592.652728380046
431,50648.13458808822
432,49565.233686802974
433,51104.23722387798
434,50044.119620553414
435,49157.100003345106
436,48216.82374440101
437,48084.80897987843
438,47437.235042303204
439,48563.83024070466
440,47588.402085622045
441,46708.06280333702
442,46580.17893556142
443,48381.3156163848
444,47375.43563568345
445,47245.72454121664
446,47116.368587927995
447,48560.8390359767
448,47479.06130002749
449,47349.06648472189
450,46518.277734876414
451,45578.67117205676
452,45453.879510666375
453,44490.64327093613
454,44368.83056452465
455,43631.968344724104
456,44720.14353565925
457,45750.721688007216
458,44950.08431318471
459,44116.3318864233
460,43392.63749444468
461,43273.83106183498
462,44141.20822119838
463,45127.17938248455
464,46250.63010523255
465,45414.99143988932
466,44531.6745067669
467,43587.08519708976
468,43467.74637836079
469,44731.01944965851
470,46196.67624913261
471,46070.192526996856
472,45944.05510968786
473,47624.23389100484
474,46394.13791083034
475,44957.916729859695
476,47875.262863597265
477,49157.627171830885
478,48011.21437917185
479,46530.89833377321
480,51958.98335530924
481,50258.8309676283
482,49110.15053193383
483,48050.432064853194
484,46972.4126478319
485,46843.8050060753
486,45982.962369872126
487,47249.611818528305
488,49069.06055081943
489,51164.970322342844
490,50035.574067769456
491,48898.703598451466
492,48764.82188788444
493,47724.48453674544
494,47593.817767373024
495,46561.989305194234
496,46434.505377874324
497,45433.590465320674
498,44551.84384289403
499,44429.86357299602
500,44308.21727774331
501,43511.977888048226
502,45097.46223197203
503,46905.02407945613
504,49060.75785832404
505,48926.432452936504
506,48792.47482243301
507,47815.32193132627
508,46943.06662596988
509,49454.17992174165
510,49318.77735039777
511,50972.074716772586
512,50832.51624073872
513,50693.3398674217
514,50554.544550647275
515,51325.4180224364
516,51184.89211367532
517,50593.16067635136
518,51763.62933663813
519,51621.90363164488
520,53013.363716690386
521,52302.070117359384
522,51519.13359757095
523,50718.28567047382
524,49773.6405804852
525,49637.36334506428
526,49501.459228520696
527,49365.92720927739
528,48615.996961568504
529,48482.88928477639
530,47860.80761150016
531,48887.84970212783
532,48229.772541598286
533,48097.722324047485
534,47443.611230774804
535,48372.61948891989
536,48240.17816501556
537,48108.09945749345
538,47475.327542443265
539,47345.34294994144
540,48176.57120728583
541,48044.666651789805
542,47913.123243036374
543,47781.93999222746
544,47651.11591327227
545,47520.65002277985
546,48387.201980377526
547,48254.72073048831
548,48122.602206296266
549,47543.463860103024
550,46887.29611576499
551,46164.543994565014
552,45487.43639197875
553,44869.99424887021
554,45750.960069994995
555,45625.696691960395
556,46689.736412162594
557,47981.27717866012
558,49400.68226194296
559,48418.67516331049
560,49908.648581120724
561,49772.00170191102
562,49022.88631348692
563,48888.664598112235
564,48754.81037372458
565,48621.32263415571
566,47883.08741220976
567,47751.98639769984
568,47187.689622912585
569,46555.77127289958
570,46428.30437017825
571,45651.119503327376
572,44881.02548505322
573,43983.21532643496
574,43862.79192722797
575,43742.69824004791
576,43075.24188625334
577,44545.51905337006
578,45382.648148066444
579,44748.66694167695
580,44080.322911171446
581,43281.94075395652
582,42529.0259663206
583,42412.584050152895
584,43252.554665201584
585,42596.8616407543
586,43407.49084494561
587,44458.566481749556
588,44336.84159965835
589,44215.44999297597
590,43699.91742916093
591,43098.831386531485
592,43899.29848894374
593,43364.247407434086
594,42742.194955704625
595,42625.16939566012
596,42012.36186387728
597,41897.33454295921
598,41426.871306955945
599,41313.44702398189
600,40738.59131526015
601,40271.996925481326
602,41373.18022097308
603,41259.902940964435
604,40650.427530431996
605,40539.12910383675
606,40428.13540564204
607,39861.59027868205
608,39752.45164105566
609,39371.247579128976
610,39263.451470333595
611,39155.950500803185
612,39048.74386246418
613,38941.830749455476
614,39889.29888174299
615,39215.759696131165
616,40627.127110220594
617,40015.34589484778
618,39310.90338299083
619,39203.272492976466
620,38589.282690669395
621,37943.92640160206
622,38532.32428551534
623,37900.40359823644
624,37264.4056556746
625,37162.37795339819
626,36551.41197610246
627,36451.33640765415
628,36351.534840095504
629,35810.381737665804
630,35712.335065458145
631,35614.556839144236
632,35517.046323735354
633,36572.4009745389
634,36009.63374361179
635,36927.691094373164
636,36372.087011876785
637,35790.45497327868
638,38176.835826286755
639,37324.95504319943
640,37222.761560340325
641,36349.62293700578
642,35708.349186941494
643,35610.58187372332
644,34976.013660299155
645,34312.54833638235
646,33624.79878545777
647,32895.58149764348
648,32218.460421616794
649,31372.98094838928
650,30296.449275612078
651,29060.971084080793
652,28981.403892454902
653,28902.05455101595
654,27802.627766174322
655,27726.505842898805
656,25987.525631243872
657,24104.457525721577
658,22331.271623905515
659,26296.94119062296
660,25376.000894551442
661,26927.265455950048
662,28264.782277441136
663,28187.3950028994
664,28110.219610062686
665,27453.553300917396
666,28744.065458943143
667,28665.365935865895
668,29977.878861977322
669,29895.801231981837
670,29813.948325602614
671,29150.1027220889
672,28545.684974558968
673,27863.50503701612
674,29072.982638414607
675,30322.12534971737
676,30239.105193535226
677,29747.106909519593
678,29665.661119255477
679,29584.438322668426
680,29503.437909215154
681,28990.166350388048
682,28530.112395149237
683,29255.46815369895
684,28643.69789435695
685,27994.30244949059
686,29146.102406621732
687,29066.302130552987
688,28549.570909340164
689,28027.03970788441
690,27402.761322345006
691,27327.73420935194
692,27252.912516083474
693,28450.794060014367
694,28062.014980074266
695,27639.90590524774
696,27564.22950464428
697,27058.515185142587
698,26984.43059737643
699,26359.257904519443
700,27493.22608650693
701,26865.903207387764
702,26792.345979636495
703,26326.60970695582
704,27350.045266043337
705,27275.162486443034
706,27200.484731391178
707,26752.63542078192
708,26272.49718677786
709,25862.890564106954
710,25357.521703940653
711,24778.73706669595
712,26236.97888863972
713,27810.831278599624
714,27734.686894600294
715,27658.75098934641
716,26937.560352803644
717,26863.80693209639
718,26227.254633634144
719,25594.861887696567
720,24933.132778625604
721,24307.746342376886
722,23724.936979160586
723,23659.97952810118
724,22927.601030030004
725,22186.568819749493
726,21561.469653084147
727,20876.11943942475
728,20106.279230582724
729,20051.229446878155
730,19996.330386171667
731,19327.036663638824
732,19274.12039923296
733,18478.28805745097
734,18427.695615700424
735,20486.442635443662
736,19681.836926482156
737,20997.71724902716
738,20940.226761623082
739,19798.808310130604
740,21157.324742182544
741,20702.525742427668
742,20253.64013521537
743,20198.18688621354
744,19600.469409927995
745,20964.87485431209
746,20269.288413348946
747,19594.252058627946
748,19540.604174536114
749,19028.870317288623
750,18976.770414412724
751,18408.97167738706
752,18358.569019717695
753,19119.411296546863
754,18571.573411609967
755,18520.725560168234
756,19282.121290612075
757,18874.78284069978
758,18453.434359682586
759,18402.90996586228
760,19112.95213070043
761,19717.673989069932
762,19365.343533573614
763,18970.939832589647
764,18918.99853989796
765,18867.19945934285
766,18530.903338929387
767,18158.876420482928
768,19665.776292623734
769,20544.146621255142
770,20052.150881724127
771,19550.40913975743
772,19068.432897649756
773,19016.224674807407
774,19829.19672300528
775,20026.531479865334
776,19971.700040707638
777,19917.018726733782
778,20527.747669097756
779,20191.409130723172
780,19865.935558008554
781,19811.54382082956
782,20246.847754178474
783,20191.413102307553
784,20940.363882909962
785,20883.030425574118
786,21520.3353188993
787,21071.248389919074
788,20783.97474487979
789,20528.90771876398
790,20472.70080366802
791,20416.64777972632
792,20027.21989882244
793,20781.03137461021
794,20337.309911003988
795,20281.62757918644
796,20849.612799489576
797,20792.527813164004
798,20467.239063092115
799,20411.200993067745
800,20043.05037902665
801,20550.528831032585
802,20494.262718631137
803,20222.65623638781
804,19911.74376891937
805,20352.32930308472
806,21017.73847469302
807,20677.25953298707
808,20285.479953044767
809,20229.939528535993
810,20174.551170370327
811,19717.361626882695
812,19297.852525738504
813,18892.232382096172
814,19705.645841801823
815,19203.483389062338
816,20030.28622435673
817,20787.034227491025
818,20730.12057753324
819,20382.27108601605
820,20849.700791144176
821,20518.573607906186
822,20195.125235198462
823,19798.001417172352
824,19485.897904512145
825,19119.2016955876
826,18753.267026986054
827,18452.228293779033
828,18940.069660508296
829,18605.84295573474
830,18554.901276341545
831,18996.096947965543
832,18616.212908036832
833,18229.169515039335
834,17763.56553809091
835,17714.92996362786
836,17189.1751341822
837,17706.35464275938
838,17657.875708288117
839,18206.520319060837
840,17854.3055673981
841,17805.421552190277
842,17440.370260811644
843,17392.619575586654
844,17958.8711731811
845,17909.700863631333
846,17627.095039882817
847,17346.06378993392
848,18097.402786705166
849,17855.872251131044
850,17806.98394643735
851,17518.0003692297
852,17235.74157482706
853,17025.999424195612
854,17331.138078780077
855,17612.77822209298
856,17398.05938926359
857,17162.24790907833
858,16880.711867129387
859,16609.52372986879
860,16564.047852493404
861,16518.696485336175
862,16473.46928749561
863,16428.365919003583
864,16383.386040822787
865,16338.52931484417
866,16293.795403884411
867,16007.382508009438
868,15761.042027800444
869,15717.889242312947
870,15475.656647495165
871,15223.147263752935
872,15181.467201790116
873,14907.296706306106
874,14866.481424180025
875,14658.130591837851
876,14413.427205937029
877,14154.140961718193
878,13891.478188949284
879,13612.542188180374
880,13284.667032850934
881,13248.294413215108
882,13048.31254217419
883,13362.941403608178
884,13326.354473451227
885,13134.450038620313
886,13098.488704083351
887,13508.122518068483
888,13779.55324513335
889,13551.29784554673
890,13514.195206776109
891,13477.194152799759
892,13819.532190645165
893,13781.695142364437
894,13582.743013489437
895,13400.463924525357
896,13191.914592664854
897,12932.041110778697
898,12668.240048859028
899,12549.741811449976
900,12375.221026193756
901,12710.078837918032
902,12523.807114486899
903,12349.121082889642
904,12671.0546072415
905,12997.192556511425
906,12961.60702470829
907,12725.659177720496
908,12487.069737453608
909,12876.52611960567
910,12841.270965252083
911,12702.960014146078
912,12531.51118471335
913,12356.683715460464
914,12193.805158472318
915,12009.241469852768
916,12302.34027257903
917,12119.652108672266
918,11889.078664678764
919,12340.170565548431
920,12165.059544616133
921,12131.752342970107
922,11937.243055256182
923,11726.71251036609
924,11513.091125546991
925,11315.357675782654
926,11574.946122969046
927,11386.473391751886
928,11355.297912182283
929,11324.20778920141
930,11293.20278910806
931,11639.251764704024
932,11607.384193146807
933,11575.603873084572
934,11543.910565627973
935,11305.120089375785
936,11727.541844532918
937,11470.814085369368
938,11439.407686051365
939,11408.087275566482
940,11220.1924865846
941,11189.472274136211
942,11019.138376295736
943,10988.968637913553
944,11231.51983024742
945,11032.764821595412
946,10803.082101369122
947,10528.588851429458
948,10345.989682875523
949,10317.66298514491
950,10686.987157744523
951,11157.526914708535
952,10965.568817094454
953,10935.545748944656
954,10737.082882657003
955,10517.862013402097
956,10279.340704555305
957,10102.099328471722
958,10074.440387868302
959,9910.33644475703
960,9883.202539400061
961,9691.896467548224
962,9665.360637715816
963,9951.886144659771
964,9791.495330755417
965,9764.686805223626
966,10161.778388400395
967,10564.492975268318
968,11035.019927211571
969,11004.80670609781
970,10974.67620696698
971,10812.040076250265
972,10782.437360562451
973,10646.405611993025
974,10617.25639351008
975,10897.65365637877
976,10753.649248972495
977,10619.379472974788
978,10476.441024878328
979,10335.257422223976
980,10306.960108777783
981,10532.120279634546
982,10398.840093267918
983,10310.763963058573
984,10407.894388004293
985,10313.665585772304
986,10285.427389476172
987,10186.01023770682
988,10389.770293336784
989,10361.323726926903
990,10526.293620784685
991,10341.436780157648
992,10313.122548000947
993,10198.76631027049
994,10076.960031938392
995,9921.074794560034
996,10292.125896842977
997,10430.651506228594
998,10402.093009515675
999,10373.612704249763
1000,10345.210376347377
1001,10210.773095873063
1002,10076.456515727163
1003,9963.09122856239
1004,9848.1935689428
1005,9997.116791077011
1006,9885.765201698416
1007,9775.648288463046
1008,9748.883151180296
1009,9625.049258822017
1010,9506.643721434682
1011,9391.815284035793
1012,9266.026601050753
1013,9240.656777308688
1014,9126.358003070827
1015,9001.163496620282
1016,8871.604320937566
1017,8749.110466466755
1018,8623.562975978337
1019,8493.785054190384
1020,8470.529581374953
1021,8447.337780645925
1022,8424.209477672957
1023,8334.190194288247
1024,8439.652619783701
1025,8416.545358319127
1026,8319.827121565264
1027,8415.434356002268
1028,8325.823472003687
1029,8303.027867902105
1030,8280.294676794036
1031,8155.429588057437
1032,8408.126926123246
1033,8594.875996696826
1034,8692.206528028675
1035,8558.541223935212
1036,8410.516570069514
1037,8387.489081357342
1038,8247.042175090297
1039,8108.134674676672
1040,7955.2650478631995
1041,8186.069333590511
1042,8064.467676153897
1043,8042.38764850813
1044,8020.368074650563
1045,8392.172778479711
1046,8369.195513966048
1047,8346.281159821185
1048,8323.429543800314
1049,8135.422807052594
1050,8113.148508524388
1051,8090.9351956863775
1052,7962.658444157013
1053,7835.779885227909
1054,7814.325991004542
1055,8053.458752460786
1056,7894.380995299331
1057,7872.7666547598
1058,8347.993609109488
1059,8325.13730450542
1060,9450.482193590786
1061,8803.677327269654
1062,8779.57338804186
1063,8374.654195580773
1064,9419.756358210412
1065,9393.965631635776
1066,9368.245518519912
1067,9090.97893122682
1068,9066.088377480524
1069,8875.879696500131
1070,8692.584669501528
1071,9109.03384975904
1072,9084.0938627313
1073,8880.877061886913
1074,8720.531887777728
1075,9085.668217655713
1076,8921.38092511412
1077,8896.954720511998
1078,8747.636446346934
1079,8978.476322669001
1080,8874.23710769355
1081,8779.001753576646
1082,8888.672525978816
1083,9005.697451781822
1084,8870.344643850538
1085,8704.229711352358
1086,8680.398053717961
1087,8943.66303320395
1088,8761.715457662192
1089,8737.726407510554
1090,8542.9459721695
1091,8519.555899716292
1092,8496.229867875203
1093,8348.78396524397
1094,8325.925496692325
1095,8303.129613253279
1096,8168.315855958904
1097,8061.3333319550975
1098,7945.715923729199
1099,8125.271820464217
1100,8311.632401810259
1101,8148.126235666656
1102,7965.115580610028
1103,7943.307573028618
1104,8141.56591270816
1105,8119.274794726004
1106,8097.044708484698
1107,8314.52175803892
1108,8219.37596520879
1109,8138.194044009957
1110,8275.569244517179
1111,8390.846328360209
1112,8286.28887959075
1113,8263.601518826295
1114,8174.983766169877
1115,8061.916392399815
1116,7941.2553022355405
1117,7919.512622661794
1118,8048.789949478881
1119,8164.123064064537
1120,8077.740849341469
1121,8152.289385297169
1122,8249.564138525775
1123,8165.545522197249
1124,8070.597612070355
1125,8048.500801028593
1126,8155.365404736892
1127,8049.1257284152825
1128,8231.529173055556
1129,8128.707176564754
1130,8014.50782662656
1131,7926.241370942178
1132,7839.437022075997
1133,7817.973114831813
1134,7706.406737082742
1135,7588.183260264
1136,7676.556491176845
1137,7594.267497909212
1138,7712.87691862845
1139,7616.113640738629
1140,7811.061822187823
1141,7847.2434472984705
1142,7929.55535989756
1143,8026.032307910803
1144,8109.621641588068
1145,8087.417985099687
1146,8065.275120887844
1147,8001.967661929251
1148,7980.058755564809
1149,7919.06014782181
1150,7862.742937336777
1151,7961.996999936882
1152,7890.2696695876175
1153,7814.059963115216
1154,7792.6655367327485
1155,7700.220203464324
1156,7611.323301009178
1157,7509.345496132972
1158,7431.839729298893
1159,7345.862392186295
1160,7468.769098949224
1161,7448.320058193282
1162,7387.404613599679
1163,7367.178343912832
1164,7301.122107491342
1165,7224.093490496205
1166,7204.314356845832
1167,7133.057408773724
1168,7061.382117422478
1169,7219.9376967930475
1170,7200.16994145598
1171,7180.456309044549
1172,7108.107418744192
1173,7034.516367616424
1174,6959.9949527944655
1175,6893.942718432095
1176,6822.894073987899
1177,6755.765914539508
1178,6703.854349128215
1179,6644.670916430693
1180,6626.478206952095
1181,6608.335308018269
1182,6542.7805123800335
1183,6469.725753495792
1184,6385.6150120755465
1185,6368.131582088126
1186,6497.326155226093
1187,6479.536866845018
1188,6398.366626144197
1189,6484.081538669918
1190,6412.172731519257
1191,6645.468789909616
1192,6830.122183614705
1193,6732.582237398674
1194,6613.278071862666
1195,6928.303577086775
1196,6826.023340018853
1197,6807.334098507732
1198,6698.181366990315
1199,6896.0508750695635
1200,6770.490989758151
1201,6751.953792483331
1202,6650.231154148665
1203,6549.901957081411
1204,6531.968719315816
1205,6886.02565379692
1206,6895.852585795572
1207,6823.483769213384
1208,6749.643077481468
1209,6664.516292338835
1210,6567.921938899308
1211,6549.939363506893
1212,6532.006023324754
1213,6430.772252396537
1214,6413.165184600059
1215,6395.606323896636
1216,6725.766521012601
1217,6707.351776644284
1218,6617.937375395967
1219,6506.334460274537
1220,6488.520507695837
1221,6470.755328648288
1222,6351.214194552062
1223,6227.633567108423
1224,6107.66438303609
1225,6090.941965160045
1226,6003.197375218458
1227,5986.760981729057
1228,6199.064206459607
1229,6103.851539736676
1230,6087.13956119635
1231,6010.731380877341
1232,5929.094133400635
1233,5850.304886561809
1234,6004.618869076625
1235,5897.483695797298
1236,6087.275525188984
1237,6200.701871471831
1238,6263.317297291971
1239,6246.168711094851
1240,6162.456774809593
1241,6069.7290079543245
1242,6053.1104548545045
1243,6151.706353393552
1244,6259.9485798591795
1245,6165.309255040525
1246,6148.429008970655
1247,6654.281658419947
1248,6943.395114302008
1249,6893.880403927821
1250,6875.005373855417
1251,6856.182022480548
1252,7059.710841525535
1253,6965.678584960043
1254,6859.065699815765
1255,6840.285990310092
1256,6750.330382059782
1257,6731.848383316745
1258,6663.859593896419
1259,6591.611806763773
1260,6507.50378538269
1261,6489.686631262146
1262,6619.39319458603
1263,6801.9817305992565
1264,6700.171429689456
1265,6584.987066477697
1266,6566.957767791961
1267,6548.977832242069
1268,6443.746730219274
1269,6612.477160518032
1270,6483.609380863581
1271,6675.892085227285
1272,6583.104258220215
1273,6485.869529421761
1274,6468.1116085933445
1275,6356.678416908381
1276,6339.274213578804
1277,6544.516059316293
1278,6447.088540830755
1279,6429.436800017512
1280,6411.833388609358
1281,6761.645796866491
1282,6639.019273737033
1283,6491.198517436101
1284,6411.588206875294
1285,6330.925755312335
1286,6313.592061221908
1287,6237.531603427182
1288,6220.453616909577
1289,6203.422388892296
1290,6345.574275864173
1291,6328.200475005172
1292,6249.038103360698
1293,6387.629103156719
1294,6370.1401587090095
1295,6352.699097939729
1296,6486.641857354541
1297,6468.881821938678
1298,6451.170412432015
1299,6544.879533406332
1300,6481.926158492535
1301,6410.23327807249
1302,6508.68536034985
1303,6646.444386938632
1304,6549.821650547072
1305,6531.8886326559405
1306,6417.880711935309
1307,6327.972835126394
1308,6211.788909996491
1309,6194.781405425799
1310,6076.726118028504
1311,6260.0494623019395
1312,6149.939525086751
1313,6070.162754725332
1314,5996.821505891893
1315,5911.525751782148
1316,5895.340349686239
1317,5879.199262248171
1318,6031.589217154876
1319,5937.233550767797
1320,5831.143503400975
1321,6061.598840610379
1322,5964.420365799896
1323,5948.090141430934
1324,6097.476389453473
1325,5992.378644169645
1326,5975.971871715413
1327,6180.908401151591
1328,6429.550652330957
1329,6637.5839093823815
1330,6523.172713332421
1331,6414.5676128578525
1332,6578.715896035121
1333,6833.625932809403
1334,7023.130325002449
1335,6904.053341054572
1336,6785.82143122701
1337,6709.319364703333
1338,6807.578674845232
1339,6788.939933718428
1340,7075.340462955463
1341,7229.298556441096
1342,7135.2838735076875
1343,7048.4723615847215
1344,6954.751619326572
1345,6854.296861299902
1346,6759.636716433608
1347,6741.1292375065705
1348,6660.775365464061
1349,6563.734806868966
1350,6625.110520677147
1351,6569.9919330830735
1352,6513.910502636047
1353,6449.053571318693
1354,6378.693199433674
1355,6303.018870918862
1356,6410.349321234246
1357,6330.043398487925
1358,6486.209829844366
1359,6468.450977293852
1360,6395.14713478955
1361,6505.333881531035
1362,6487.522668476778
1363,6404.279874833537
1364,6334.962290754736
1365,6317.617544872952
1366,6392.357286682311
1367,6460.261922468538
1368,6414.102524691499
1369,6396.541097607261
1370,6343.220470025491
1371,6406.885927762299
1372,6389.344259286577
1373,6371.850618844503
1374,6354.404874938206
1375,6293.040548959232
1376,6224.599840755386
1377,6376.691902864727
1378,6359.232903813851
1379,6341.821706452708
1380,6282.1114501002485
1381,6218.360699968575
1382,6150.527124710705
1383,6083.520202066194
1384,6011.2301353557905
1385,5994.771748652079
1386,6138.329945722471
1387,6064.848412659285
1388,6048.243222335952
1389,6135.326536645092
1390,6118.528381455569
1391,6101.776218605016
1392,6024.248826997454
1393,5941.476540934286
1394,5925.209135378379
1395,6242.1977554392
1396,6136.442243500096
1397,6015.120075039972
1398,5908.565603386428
1399,5823.342724957931
1400,5736.655340428462
1401,5720.948723005289
1402,5656.682993308392
1403,5593.930769906837
1404,5714.765237173354
1405,5699.118553536818
1406,5789.829508605605
1407,5718.4080153509085
1408,5644.657592533409
1409,5587.796831821386
1410,5882.071478798821
1411,5865.9667207314915
1412,5792.609251589915
1413,5898.87712887527
1414,5981.882675362864
1415,5965.504640240186
1416,5949.1714471929945
1417,5899.944580219409
1418,5848.618700991592
1419,5915.2736938406215
1420,5848.083258203457
1421,5764.909165126671
1422,5708.471827345771
1423,5692.84237468697
1424,5637.325011395399
1425,5621.890354441185
1426,5677.802525686313
1427,5784.060032219132
1428,5713.7201163786185
1429,5830.739144710134
1430,5763.556210961073
1431,5919.441204425436
1432,5903.234130296082
1433,5844.534795701746
1434,5828.532810815957
1435,5773.203251980219
1436,5692.695185139653
1437,5677.10892797869
1438,5661.565345052758
1439,5646.0643195223665
1440,5699.652359191705
1441,5871.826074293091
1442,6018.552782595174
1443,5943.569311755128
1444,6123.832328143817
1445,6107.065643406116
1446,6090.34486484318
1447,6073.669866766664
1448,6057.040523832348
1449,6040.456711039198
1450,6023.918303728425
1451,6007.425177582547
1452,6131.31717384708
1453,6114.529996051847
1454,6106.729808698192
1455,6188.426072967732
1456,6139.796011352947
1457,6086.729400487351
1458,6191.889078142447
1459,6132.598239220801
1460,6256.363588023867
1461,6200.16420952658
1462,6183.188532686874
1463,6166.259334229745
1464,6149.376486900175
1465,6215.835397936275
1466,6165.305622154468
1467,6115.771340645801
1468,6070.636509725585
1469,6054.015471940476
1470,6037.439941557534
1471,6020.909793980228
1472,6130.683966149264
1473,6070.93874809722
1474,6009.682569973748
1475,5955.70962898327
1476,5905.7551770881
1477,5889.585574478765
1478,5873.460243269226
1479,5857.379062247053
1480,5813.713375858023
1481,5773.473831244647
1482,5729.474742818069
1483,5713.787785439442
1484,5663.582767835829
1485,5586.496803548885
1486,5571.201311171863
1487,5514.829696392943
1488,5590.3312510587775
1489,5535.2854428702685
1490,5473.591829013681
1491,5409.065316059956
1492,5429.653957131939
1493,5368.279531069083
1494,5213.5959108847655
1495,5199.321398732329
1496,5185.085969335954
1497,5170.889515689405
1498,5104.879750827989
1499,5044.862161342262
1500,5031.04963205147
1501,4956.891383526545
1502,4896.8105108631025
1503,5086.116015128
1504,5072.190535265805
1505,4997.175903229141
1506,5109.673254411257
1507,5095.683276244212
1508,5254.178990967721
1509,5194.789534657843
1510,5131.529174746217
1511,5081.170688653016
1512,5067.258748797387
1513,5053.384898996669
1514,4988.634932395402
1515,5055.136233114073
1516,4994.10804764661
1517,4925.347466359445
1518,4863.600972574061
1519,4796.021252080526
1520,4721.2123055756265
1521,4708.2859101314625
1522,4887.4436400405675
1523,4874.062113196791
1524,4796.110180142178
1525,4782.978718820457
1526,4876.722510627237
1527,5025.972687962018
1528,5142.936113453078
1529,5128.855063577805
1530,5114.812566770509
1531,5046.905340542031
1532,4979.846793545645
1533,4911.9715097070575
1534,4844.045918211837
1535,5000.566558695132
1536,5089.782284684285
1537,5016.089058589053
1538,5255.215933902464
1539,5240.827468629282
1540,5175.335514360761
1541,5161.165756873717
1542,5147.03479533076
1543,5067.64709094707
1544,4999.225771406619
1545,5086.731660416942
1546,5212.1595068298175
1547,5321.259665435874
1548,5444.561375420269
1549,5354.70614662943
1550,5376.428160704336
1551,5471.957778281727
1552,5414.5139856357155
1553,5510.153062056227
1554,5443.65210747393
1555,5394.830295959542
1556,5346.527147636583
1557,5282.498836971042
1558,5225.565306983877
1559,5177.108944755309
1560,5107.909503706031
1561,5018.960785918559
1562,5287.36152698192
1563,5272.885049007542
1564,5258.448206759504
1565,5209.4207870124665
1566,5154.597411761304
1567,5140.484433952362
1568,5237.885489443182
1569,5137.142161624841
1570,5028.558494503151
1571,5190.687686823417
1572,5176.475896011173
1573,5162.303016227733
1574,5148.168940937038
1575,5076.295552759026
1576,4991.01451301174
1577,4977.349415344651
1578,4963.721731893403
1579,4950.131360220121
1580,4870.716408537229
1581,4857.380679847634
1582,4808.630963827568
1583,4754.235904294379
1584,4687.082475062983
1585,4674.24952504281
1586,4661.451710868251
1587,4601.623053375098
1588,4682.741781083933
1589,4614.231127714668
1590,4536.272027052072
1591,4523.851986971535
1592,4603.944214285883
1593,4570.3563328547125
1594,4603.409178196155
1595,4561.754262336743
1596,4549.264453428038
1597,4536.808840865214
1598,4524.387331020731
1599,4479.459546660165
1600,4431.312711330429
1601,4376.554189809734
1602,4313.158492151229
1603,4301.349323515229
1604,4252.727550113149
1605,4241.083837763223
1606,4308.511966508664
1607,4273.923947309134
1608,4262.222200498054
1609,4250.5524923662115
1610,4209.291059352478
1611,4307.90196914195
1612,4373.031215945065
1613,4314.250935739991
1614,4265.337206270279
1615,4208.577769865588
1616,4158.217121707597
1617,4111.40188274536
1618,4169.036473726908
1619,4157.6219025124565
1620,4146.238583707724
1621,4175.5911772407535
1622,4164.158659642163
1623,4233.425703849807
1624,4189.099005875137
1625,4177.629504653863
1626,4134.407273097283
1627,4088.7995798295856
1628,4051.5239047635146
1629,4015.7814495661473
1630,3975.9025778121186
1631,3918.484356344447
1632,3907.755781763706
1633,3897.0565813751446
1634,3851.654752293002
1635,3895.8764172244896
1636,3885.209741821826
1637,3852.33333380768
1638,3818.951574734004
1639,3808.4955149252078
1640,3798.068083179529
1641,3756.356364029691
1642,3746.0716861444566
1643,3735.815167088937
1644,3870.0711396894867
1645,3945.2928251574317
1646,3906.997520808821
1647,3865.098168836876
1648,3817.190472086101
1649,3820.322915973138
1650,3809.8631015144765
1651,3853.4350290348907
1652,3814.417303163455
1653,3774.5696883091764
1654,3764.2351434370853
1655,3731.2000957791815
1656,3855.2637239004493
1657,3805.820629442935
1658,3895.6304904656895
1659,3884.9644883957058
1660,3835.694202228993
1661,3825.192302112715
1662,3814.7191555675604
1663,3781.701838216485
1664,3771.3477659467467
1665,3742.102992723095
1666,3709.8795139743834
1667,3676.796062965018
1668,3666.729216400778
1669,3710.2737934212614
1670,3670.183043061627
1671,3727.7135502282986
1672,3717.5072946451905
1673,3678.9457315785403
1674,3641.9221146153395
1675,3631.9507508249912
1676,3581.81700093203
1677,3572.01020132931
1678,3656.3586152673524
1679,3621.2611448599637
1680,3597.5939841934924
1681,3574.6790766232834
1682,3548.262296506361
1683,3514.080610738193
1684,3476.74517551923
1685,3441.5543226077916
1686,3400.2280520475692
1687,3358.8220793009605
1688,3419.3520317032926
1689,3376.8707380447154
1690,3367.625068988011
1691,3358.4047140173166
1692,3317.488803683452
1693,3280.0299218505525
1694,3248.67596265296
1695,3217.6796537586174
1696,3208.8698403198096
1697,3200.084147620534
1698,3168.698926993227
1699,3222.022525350766
1700,3195.954076910921
1701,3237.7307874107123
1702,3189.1341491132816
1703,3180.4024915499813
1704,3171.694740740125
1705,3116.556178529185
1706,3108.023235085815
1707,3185.257944650433
1708,3245.0216794291828
1709,3206.266991784519
1710,3197.488425528045
1711,3154.8646505936076
1712,3146.226820856905
1713,3113.1936549499183
1714,3077.070014535107
1715,3125.4797857303865
1716,3081.315442887335
1717,3043.527165337945
1718,3091.7390253449157
1719,3151.4637911824707
1720,3110.3444342100943
1721,3056.677571948228
1722,2997.0083719947843
1723,2988.8027432582576
1724,2944.957299005566
1725,2936.8941829774712
1726,2901.9495579391846
1727,2894.0041945204207
1728,2855.148275109344
1729,2816.165610970653
1730,2808.45511884119
1731,2843.9072449810114
1732,2898.234099034004
1733,2849.803271450536
1734,2794.5994767899206
1735,2786.9480314392467
1736,2738.524312212935
1737,2818.638518526979
1738,2774.3730941884114
1739,2766.777027457251
1740,2731.313820092318
1741,2766.5921968917787
1742,2794.5072460553774
1743,2764.9469308098674
1744,2732.805790055751
1745,2786.2312550637475
1746,2744.192819335025
1747,2701.270961223953
1748,2671.169031799724
1749,2663.855531586554
1750,2707.1856325701415
1751,2751.8021520128414
1752,2720.7611687216927
1753,2688.8947317037455
1754,2681.532699589942
1755,2718.835853288962
1756,2687.4479620317643
1757,2680.0898910863402
1758,2672.751966096783
1759,2650.238399225858
1760,2642.982205826285
1761,2614.7078708662375
1762,2583.4008853014957
1763,2555.624114776702
1764,2527.316043546346
1765,2520.396404166291
1766,2495.8008284858843
1767,2519.546674473494
1768,2553.4855804504027
1769,2528.237977145272
1770,2521.3158135664517
1771,2514.412602455336
1772,2488.935449179029
1773,2456.865512654995
1774,2407.9539604989845
1775,2401.361127326032
1776,2329.110170896717
1777,2322.733207279453
1778,2257.7179348200943
1779,2196.841418514425
1780,2307.2782762913102
1781,2300.9610870888996
1782,2294.6611939707236
1783,2288.378549581143
1784,2282.113106694176
1785,2275.8648182131433
1786,2219.1064825373855
1787,2213.0307024052127
1788,2232.33442051373
1789,2226.2224230826673
1790,2184.294948412363
1791,2178.3144801676867
1792,2131.287688222529
1793,2208.393605238777
1794,2170.7002629834637
1795,2137.9525210362485
1796,2132.098935571531
1797,2194.2706128642703
1798,2280.189235678886
1799,2234.743178879717
1800,2310.313056441916
1801,2261.855130028374
1802,2255.662306669503
1803,2220.3041822491996
1804,2214.2251228872237
1805,2182.355277277431
1806,2248.080274943138
1807,2314.9430682965713
1808,2265.675291150425
1809,2214.6490811823805
1810,2173.706915158819
1811,2127.5105918871286
1812,2121.6855957966322
1813,2074.3214886136184
1814,2028.8085121824718
1815,1989.3482854825156
1816,1952.5743867554254
1817,1913.1270074701677
1818,1907.8889807446453
1819,2100.0702019417186
1820,2094.320335989123
1821,2048.160808650825
1822,1997.5655097981646
1823,1945.5515013249903
1824,1940.2246982847175
1825,1934.9124797109112
1826,1929.6148056721788
1827,1924.331636346458
1828,1989.4197268736973
1829,1946.2564016606877
1830,1902.2135921213614
1831,1856.223096985132
1832,1851.1408697453437
1833,1846.0725573381844
1834,1801.8845493946708
1835,1901.021233310349
1836,1895.8163514666537
1837,1857.7590507588814
1838,1819.4173179732256
1839,1774.6352986408017
1840,1739.561366868953
1841,1734.7985524322917
1842,1774.6438194534935
1843,1769.7849513708813
1844,1737.4527915093188
1845,1709.0310815344355
1846,1678.288238125657
1847,1673.6931858316348
1848,1636.6397904139685
1849,1598.1264242066115
1850,1593.7508501396148
1851,1676.2212740914063
1852,1671.6318810206399
1853,1667.0550534321778
1854,1662.4907569224854
1855,1657.9389571822219
1856,1633.4249364502068
1857,1610.3687933229482
1858,1592.2589888170287
1859,1618.4863384510782
1860,1614.0550201629578
1861,1582.99451564418
1862,1554.1090128758424
1863,1526.41337379479
1864,1557.09219403927
1865,1533.6333720720745
1866,1515.3992880902424
1867,1511.2502159482153
1868,1507.1125037162628
1869,1546.857995588401
1870,1529.4867009952359
1871,1512.5189536839619
1872,1494.2436155379216
1873,1472.6023111365953
1874,1468.5704145444295
1875,1498.723356156711
1876,1545.8169073266226
1877,1541.5845535718931
1878,1519.0753627943127
1879,1550.1262452325404
1880,1592.3590739391584
1881,1663.1545600937093
1882,1706.0318791455497
1883,1671.3284258471515
1884,1642.3183292882338
1885,1611.9289692064594
1886,1577.782145919476
1887,1548.3703440623667
1888,1519.897367967378
1889,1515.7359803530805
1890,1474.5905653199059
1891,1470.5532250073238
1892,1446.4640276615091
1893,1516.9683434194185
1894,1487.5362763968383
1895,1544.5083468112014
1896,1540.2795758164898
1897,1520.77864748358
1898,1516.6148469789516
1899,1543.537877249312
1900,1576.4051281406105
1901,1542.7177618629576
1902,1538.4938933821809
1903,1575.1368053089539
1904,1637.804437987751
1905,1633.3202279045413
1906,1605.3985223510717
1907,1577.3819396663507
1908,1573.0631627508262
1909,1568.7562103868431
1910,1564.4610501994903
1911,1560.177649902497
1912,1537.65506895191
1913,1573.6729248702072
1914,1569.3643030142014
1915,1540.9196522252494
1916,1583.1303801369822
1917,1559.4625902091614
1918,1531.3015018864503
1919,1503.0582668795287
1920,1498.9429837116102
1921,1455.5425477852004
1922,1451.5573597994246
1923,1447.5830830187565
1924,1417.819860457752
1925,1413.937954921917
1926,1398.209114063318
1927,1421.9519314681313
1928,1449.0054312586167
1929,1427.4848040645415
1930,1462.0584497011744
1931,1446.3730914780986
1932,1428.8275709787763
1933,1460.7409964349602
1934,1438.0077081180295
1935,1434.0705294690335
1936,1430.1441305784676
1937,1426.2284819320014
1938,1396.7830400024297
1939,1368.8411399803576
1940,1365.0933352364934
1941,1361.3557917566925
1942,1424.5316723868596
1943,1395.658838331923
1944,1464.3186360430916
1945,1460.309419655301
1946,1515.4693792890776
1947,1511.320115241562
1948,1475.7454237472198
1949,1434.0778592669496
1950,1476.4027240559517
1951,1472.3604221617009
1952,1440.5562256555047
1953,1521.4881594083633
1954,1497.6307933983005
1955,1472.1526561501294
1956,1468.1219906862823
1957,1440.0288321018415
1958,1436.0861197368918
1959,1408.0514219312956
1960,1440.5784913639943
1961,1436.6342740650314
1962,1414.8253924124933
1963,1459.055428698234
1964,1436.5196825383127
1965,1415.2286710502183
1966,1391.7610265296041
1967,1470.0145587963707
1968,1521.6638700841054
1969,1488.5571128967138
1970,1452.1069729917463
1971,1412.7213757422824
1972,1423.824459186734
1973,1460.6576664247527
1974,1432.1875135204684
1975,1398.97461173656
1976,1372.2088833658984
1977,1368.4518579431199
1978,1345.9411769648189
1979,1330.101566744042
1980,1313.4189403610337
1981,1309.8228782676363
1982,1306.2366619760483
1983,1290.1800452619452
1984,1278.3416470366835
1985,1274.841624463493
1986,1293.6795502152127
1987,1290.1375333852639
1988,1318.4834869384738
1989,1298.1210920559733
1990,1294.5669145514987
1991,1291.0224681713473
1992,1287.4877262722857
1993,1368.7659325338195
1994,1339.520439611371
1995,1309.9410834728305
1996,1277.3064149965605
1997,1249.3094007700618
1998,1295.1709335789112
1999,1311.2978458282157
2000,1284.4643190686338
2001,1337.3960753835086
2002,1333.734365335972
2003,1369.463665991287
2004,1350.5988826446196
2005,1376.6447311330005
2006,1357.999499418922
2007,1354.2813784350942
2008,1336.4232636317206
2009,1316.6508460414693
2010,1313.0459351846275
2011,1297.8040594868187
2012,1281.1867906296134
2013,1262.086403476514
2014,1240.1102919484085
2015,1236.7149445269058
2016,1233.3288933625083
2017,1229.952113002623
2018,1279.6260038861928
2019,1276.1224648211662
2020,1295.79462110722
2021,1292.2468133403313
2022,1275.465216064402
2023,1271.973068986277
2024,1254.2423778676534
2025,1250.8083376445525
2026,1247.3836996171212
2027,1243.9684380427132
2028,1261.3445368198456
2029,1257.8910513125293
2030,1241.679339269401
2031,1224.7534216380286
2032,1221.4001204041508
2033,1200.4872124179665
2034,1184.9166068115758
2035,1167.6646146952617
2036,1164.4676191825026
2037,1188.5444614849707
2038,1216.7972409083236
2039,1197.9683332294758
2040,1180.2536939869801
2041,1177.0222303320004
2042,1159.1881774292021
2043,1156.0143898920576
2044,1144.760633812213
2045,1162.373080686399
2046,1181.2390558119396
2047,1165.3636466792923
2048,1148.5588897856398
2049,1131.9340327843224
2050,1150.459935479007
2051,1135.2609345858039
2052,1152.4787943175459
2053,1136.553575885459
2054,1113.9364720559597
2055,1110.8865809675062
2056,1185.3806412733086
2057,1182.135140344901
2058,1252.7839554734608
2059,1249.353908323192
2060,1245.9332524357994
2061,1242.5219620985702
2062,1239.1200116691907
2063,1235.727375575555
2064,1269.5889385022977
2065,1237.320028725183
2066,1303.7015519117574
2067,1300.1320954437058
2068,1296.572411932861
2069,1293.022474621454
2070,1279.6050082329791
2071,1301.6071445316447
2072,1298.04342242508
2073,1326.2883838540665
2074,1322.6570859981214
2075,1319.0357304173851
2076,1300.3126969818566
2077,1340.3043881141919
2078,1417.744678681522
2079,1368.6821855505584
2080,1341.5210979267122
2081,1389.8501607736746
2082,1367.2319277415022
2083,1343.591311515705
2084,1381.8940890169845
2085,1348.295318140321
2086,1314.1474878690021
2087,1310.5494310563297
2088,1306.961225506888
2089,1399.4979018618403
2090,1395.666160747089
2091,1391.844910709138
2092,1363.9749040769295
2093,1413.7412217636067
2094,1409.8704832953006
2095,1397.0440907725297
2096,1382.4517238076264
2097,1367.1645513690898
2098,1350.0484507766898
2099,1331.798957484421
2100,1314.5551962119175
2101,1299.406032062837
2102,1319.6292445674085
2103,1294.9615483201608
2104,1291.416021456477
2105,1287.8802020321818
2106,1284.35406346889
2107,1269.7359171842404
2108,1256.611210210933
2109,1253.170684267295
2110,1249.7395782768394
2111,1246.317866448301
2112,1228.9954267906855
2113,1225.6305112017374
2114,1222.2748085493663
2115,1219.4780188610948
2116,1250.1159552539173
2117,1231.6363374175708
2118,1213.602707924048
2119,1202.3186822751568
2120,1191.2507423686995
2121,1187.9891694564146
2122,1177.232189255473
2123,1164.0382761693704
2124,1160.8512093534725
2125,1147.4185756119227
2126,1166.2278929287716
2127,1152.85327095176
2128,1139.4046568759259
2129,1123.0487764572638
2130,1119.973936427209
2131,1116.9075151242912
2132,1105.7225620091879
2133,1127.5020398421132
2134,1148.6413807127992
2135,1135.333666283341
2136,1132.225190963534
2137,1109.0517074679176
2138,1106.0151905712246
2139,1076.832776644899
2140,1122.4254885597477
2141,1091.7164945684183
2142,1088.7274404424172
2143,1085.7465701669053
2144,1068.1779216062337
2145,1065.253314677818
2146,1109.882639223634
2147,1146.4659924379032
2148,1118.2911520655236
2149,1102.047058586209
2150,1099.029719997021
2151,1084.6634953854343
2152,1069.0357940981817
2153,1093.7590805284951
2154,1090.7644339249396
2155,1076.7417976411293
2156,1099.3276593028204
2157,1081.955927911271
2158,1078.9935976299528
2159,1076.0393780308439
2160,1073.093246907384
2161,1057.6272572246412
2162,1054.7315373809759
2163,1077.6673883524843
2164,1065.9100555857408
2165,1052.3948468809706
2166,1049.5134530622436
2167,1033.1739688362081
2168,1014.9818103394663
2169,1012.202851165445
2170,1053.2898927315098
2171,1050.406048331056
2172,1029.539694829824
2173,1026.7208770433165
2174,1013.8465482043609
2175,1011.0706973098114
2176,1008.3024465281215
2177,1029.592140845002
2178,1016.295533939413
2179,1005.6529652806362
2180,1002.8995479235176
2181,1000.153669257582
2182,990.1853174556564
2183,1004.6476580204456
2184,1001.8969931341644
2185,999.1538594029665
2186,984.5252173033368
2187,970.1208437756729
2188,967.4647112309744
2189,964.8158510174915
2190,988.6482503604846
2191,974.8972050961603
2192,972.2279951613305
2193,963.0751482813972
2194,960.4383064273611
2195,949.0536289718442
2196,946.4551771946765
2197,933.7347476074663
2198,920.1929460465312
2199,905.3375713170044
2200,895.3814927694644
2201,882.7303462857606
2202,869.8801919164621
2203,867.4985122498904
2204,851.1076954570349
2205,830.5818775740746
2206,822.2266187635324
2207,812.6215900397059
2208,810.3966809825738
2209,796.1101366966486
2210,793.930435006069
2211,791.7567012076703
2212,777.1034834745225
2213,804.5203733546418
2214,802.3176449417325
2215,800.1209474667854
2216,797.930264417455
2217,837.0601473366646
2218,834.7683269789472
2219,832.4827814875806
2220,844.3906304777822
2221,832.9683969584524
2222,845.6931789796937
2223,835.9675886772808
2224,853.3427135951413
2225,851.0063125499479
2226,839.7025867805156
2227,837.4035315824696
2228,861.4840609606383
2229,859.1253693958319
2230,895.1946601024797
2231,898.1829071510517
2232,887.8733144620262
2233,878.1103717701745
2234,875.7061583659779
2235,864.0123726065327
2236,861.6467586764469
2237,859.2876216550762
2238,850.7557036726149
2239,848.4263857050533
2240,846.1034452700438
2241,890.5761343876387
2242,870.9621982870356
2243,868.5775561520736
2244,883.9845383286929
2245,895.10436889628
2246,892.6536269496644
2247,880.9487185699219
2248,867.2799125464913
2249,853.5170138528179
2250,873.2288345658988
2251,862.9399922038516
2252,849.7633938296202
2253,866.896323049813
2254,852.5782237190524
2255,840.2734155644546
2256,827.1784537931094
2257,815.4555581329492
2258,813.2228898415616
2259,805.6697880102396
2260,813.8615619809424
2261,823.340743679177
2262,814.7139044949007
2263,804.6880271517671
2264,792.7567302218686
2265,770.8149981500237
2266,756.2695648291718
2267,740.6795244567021
2268,725.9252643890654
2269,716.6173441665363
2270,707.2676982729556
2271,719.9741593646959
2272,718.0029134026075
2273,707.6161392744386
2274,727.7043869610161
2275,720.674492703855
2276,713.7733490598591
2277,707.0921800322814
2278,700.0101649259487
2279,692.3551780953857
2280,684.0693723618507
2281,674.9623988602519
2282,665.9486526390107
2283,664.1253252662183
2284,651.093851999077
2285,654.4439532567357
2286,647.4479940914671
2287,657.2880309580133
2288,649.5074006161115
2289,647.7290884028777
2290,656.3103784341617
2291,646.9958445991645
2292,645.2244088753054
2293,638.5992863837222
2294,632.8277252417464
2295,631.095080976873
2296,624.5136748502581
2297,617.4696572715332
2298,610.4966529152257
2299,602.9687371072074
2300,601.3178449566657
2301,599.6714728495773
2302,598.029608410335
2303,611.2007490212759
2304,609.527318117038
2305,599.343433991472
2306,587.4039646820983
2307,575.1574325064271
2308,561.9271208530073
2309,550.6232836534078
2310,538.7619287857709
2311,567.8714992030716
2312,559.2952426110809
2313,551.3044668300363
2314,542.9524677816402
2315,555.2189907869612
2316,548.0788460119753
2317,546.5782390831649
2318,537.5246452495439
2319,553.0623170179548
2320,559.5799879795438
2321,558.0478916154973
2322,550.737401222644
2323,563.8872822640445
2324,577.7335671746823
2325,593.2124208281093
2326,591.5882408849709
2327,585.1739739019353
2328,578.0924417840291
2329,576.5096594344708
2330,569.5232681210989
2331,563.1445175692518
2332,556.6343646632617
2333,549.9005351489006
2334,542.933088324697
2335,536.4156050515564
2336,529.8141795752048
2337,538.4260729743058
2338,550.6199911550639
2339,561.3201477090901
2340,553.1329688983711
2341,551.6185240849615
2342,550.1082257303996
2343,548.6020624819304
2344,564.2656869486829
2345,556.1332161588109
2346,562.8445447349369
2347,561.3035102107656
2348,554.6101788975143
2349,570.4264154371601
2350,590.9210231625508
2351,589.3031169284574
2352,580.5775279772082
2353,578.9879416110612
2354,590.0773472398745
2355,581.9347783305058
2356,571.8814081343917
2357,564.220760094336
2358,588.0837342844725
2359,580.4315973180752
2360,574.0835177786686
2361,569.2963241666502
2362,576.2437318657567
2363,568.6260746737372
2364,567.0692106681904
2365,562.071180541167
2366,569.6397827176075
2367,577.1125542392749
2368,575.5324547629014
2369,588.5733779114478
2370,586.9618993889069
2371,580.0829876537958
2372,572.8314581128768
2373,571.2630800203095
2374,563.2441566168271
2375,582.0357637598422
2376,570.3186276504817
2377,558.978473799142
2378,546.4878600610668
2379,544.9916091561369
2380,537.3157590678137
2381,535.8446208239586
2382,520.8226916951395
2383,498.1769123511892
2384,471.2597515894397
2385,535.0743165604189
2386,533.6093152513891
2387,555.9017873785134
2388,544.6933647842287
2389,569.0805819181413
2390,559.1073296302359
2391,549.4132159922106
2392,564.017908955953
2393,579.3121171508427
2394,569.8458805977598
2395,564.4380651633521
2396,573.3442713977346
2397,565.8852070723061
2398,586.7236510065143
2399,575.4525804629253
2400,573.8770258949505
2401,585.6477976915528
2402,584.0443292317624
2403,582.4452509722113
2404,573.752174182788
2405,572.1812752249765
2406,570.6146772940659
2407,576.2808816674565
2408,570.1965229516818
2409,579.1811924473963
2410,572.0299102589153
2411,570.4637267561815
2412,580.4891588685118
2413,591.3331017171577
2414,599.7211721152332
2415,591.9531628917114
2416,582.5561879838085
2417,572.5121619655504
2418,570.9446580866377
2419,564.0640961107947
2420,562.5197225282782
2421,556.2584124082175
2422,548.6172050243304
2423,540.5424020056429
2424,532.4559068993592
2425,526.3092128660893
2426,536.090057601175
2427,534.622275254244
2428,533.1585116071329
2429,526.5029549653777
2430,536.7660163628836
2431,526.2413607331218
2432,517.716099460691
2433,510.671136609379
2434,527.3207874316324
2435,525.8770148192
2436,524.4371951693779
2437,540.6860937174062
2438,539.2057276999116
2439,533.9775705945575
2440,528.5423780758173
2441,522.8166784108375
2442,516.0523693599619
2443,508.6414885486146
2444,520.8319154642048
2445,532.307909038413
2446,530.8504819868566
2447,529.3970452829441
2448,527.9475880013434
2449,521.7623406756722
2450,520.333786756273
2451,518.9091441316175
2452,511.00070287363604
2453,502.4591413784429
2454,520.9939365851541
2455,514.9431481025841
2456,509.5194793680413
2457,508.1244456668375
2458,502.3442644780464
2459,496.4196590448957
2460,504.10243631882236
2461,502.72223415580413
2462,512.6501014084187
2463,522.0536008513375
2464,516.2084282689217
2465,510.5020625123301
2466,504.0508079769117
2467,496.91105997607787
2468,507.6376644307093
2469,503.10405713544236
2470,497.9392970646857
2471,504.99189865830834
2472,498.2670585124982
2473,496.9028332630794
2474,505.1254710511203
2475,498.112542342555
2476,492.93337530901414
2477,504.41280591285096
2478,496.7427737950726
2479,488.84495103170906
2480,482.6102393820776
2481,481.2888815621194
2482,475.1919948666445
2483,483.5614839198137
2484,482.23752164950184
2485,490.0572874216997
2486,484.8154581793995
2487,483.4880626029563
2488,478.11939631151995
2489,476.81033414989065
2490,471.48740780892405
2491,465.5457355309848
2492,459.31029178001364
2493,453.05384974012384
2494,446.3516002743067
2495,440.8201251455638
2496,439.61318614588185
2497,434.0682545586954
2498,428.0439079421907
2499,426.87194945708046
2500,437.7856195958481
2501,431.8251030187485
2502,425.88508499741016
2503,420.54653506367373
2504,419.3951039347482
2505,413.5920402713662
2506,405.15439887853154
2507,395.82063849348054
2508,394.73690538279504
2509,393.6561394682104
2510,387.26468075259083
2511,397.9707770017598
2512,393.07302219836
2513,391.9968118958984
2514,388.37516167305836
2515,392.0988199746413
2516,391.02527697929736
2517,389.9546732801312
2518,396.40532758510716
2519,402.36304762331537
2520,395.65367798966383
2521,388.8945677758571
2522,387.8297978303876
2523,382.15008382335117
2524,376.4036156983496
2525,372.20940257898013
2526,371.1903156126749
2527,366.9191467003156
2528,365.91454413654566
2529,364.91269211419666
2530,377.37345639134134
2531,373.6175033249332
2532,369.7786938508841
2533,368.7662620189375
2534,367.75660216447733
2535,364.5517396333437
2536,361.0516200198563
2537,360.06308239137024
2538,366.9384777366209
2539,362.03831008543074
2540,357.09991301968876
2541,352.1021469168195
2542,351.1381124076298
2543,364.0176167326777
2544,363.0209583835135
2545,362.0270288249883
2546,357.3959832740771
2547,356.417454559217
2548,351.73823317142217
2549,357.90282023733874
2550,353.45723105756156
2551,349.2084227005497
2552,348.2523110342878
2553,344.90336773175585
2554,341.0494804132093
2555,340.11570744039864
2556,335.46972044638596
2557,343.9649435910624
2558,339.13700561020056
2559,338.2084688784188
2560,333.1062842254295
2561,328.9725037810391
2562,324.7781218650839
2563,320.58284140750783
2564,319.70510486180046
2565,315.55183687297904
2566,312.0299708997345
2567,308.5780742464483
2568,307.73320603147783
2569,302.84069532633634
2570,319.2914103421143
2571,316.7169814202096
2572,322.783116627115
2573,328.08861496301716
2574,338.34042098680817
2575,333.4749781796422
2576,332.56194373855317
2577,328.4161191513759
2578,323.97013877682764
2579,319.80300530330004
2580,315.42190493703345
2581,314.5582987250966
2582,324.46294544612647
2583,319.9213941639602
2584,315.1276629960113
2585,321.68882207192684
2586,315.89617167514893
2587,311.8037119552622
2588,310.95001213817665
2589,306.58218083921196
2590,301.83548249417953
2591,312.44841547521963
2592,311.5929504986573
2593,306.1622921037735
2594,300.12819493329283
2595,293.8991412060504
2596,293.0944630272184
2597,299.2634466915629
2598,294.67730161962305
2599,290.2953539932757
2600,285.531673723791
2601,280.9641259260598
2602,280.1948630413861
2603,274.6193308948372
2604,270.6155074680807
2605,266.7637364318281
2606,262.2737344059795
2607,261.55564468958494
2608,268.0070078995642
2609,261.84144399560074
2610,273.23528295125715
2611,272.48718117397533
2612,265.9316832650449
2613,275.7773465412394
2614,267.5498031746556
2615,278.22789760425013
2616,289.4979734416725
2617,288.70534539557264
2618,300.56012306300914
2619,295.2389550172164
2620,290.21558252933255
2621,289.42098971269473
2622,299.64725403813634
2623,292.3808838042097
2624,286.7662725709772
2625,294.40006750305514
2626,289.2001630133672
2627,288.4083503543151
2628,299.875231592625
2629,293.91341441406996
2630,302.3764194146186
2631,313.5611695469174
2632,305.8500670344379
2633,319.64115089435785
2634,318.7659926406592
2635,317.89323051764296
2636,310.6951196801711
2637,309.844455122084
2638,301.9151308393051
2639,293.5775453697436
2640,286.61583636387763
2641,285.83109943581707
2642,277.5901721321556
2643,294.4990078316265
2644,307.0778307404104
2645,298.47284232612924
2646,290.9453645552922
2647,290.1487736393432
2648,280.5461310407777
2649,273.37620126754086
2650,285.88224747549936
2651,279.20448047411827
2652,288.7981664617707
2653,288.007454445108
2654,293.50609160961034
2655,292.7024895769425
2656,291.901087758326
2657,286.3295067687465
2658,285.5455537939027
2659,293.65458953205183
2660,292.85058092100036
2661,281.7187644779244
2662,269.2127652191025
2663,256.94771376322393
2664,256.2442063711385
2665,269.7429539681758
2666,261.4481366040245
2667,260.73230732477515
2668,254.849649748069
2669,247.3661028568925
2670,259.28161020598606
2671,253.02302602071578
2672,246.34659225380156
2673,245.67211009504877
2674,241.4395276437311
2675,240.77848073285838
2676,249.22261851013081
2677,248.54026196440051
2678,239.1577782112827
2679,238.5029785931728
2680,228.62783121473467
2681,228.00186195842033
2682,279.7631099055181
2683,278.9971353305012
2684,270.42806078323116
2685,269.6876450114697
2686,268.9492564535761
2687,279.10946337449127
2688,286.5705339540022
2689,285.7859210612162
2690,279.11058316447446
2691,291.573372606997
2692,285.8816644908797
2693,279.01037697040886
2694,272.082593457235
2695,263.73421157736317
2696,254.1074931431949
2697,246.4003898370382
2698,237.54437120470263
2699,229.58983209860733
2700,245.71491361639193
2701,237.24385662324244
2702,250.6079124427229
2703,243.71348812341785
2704,237.03748006929894
2705,231.91904964504218
2706,231.28406923054015
2707,250.78607370243364
2708,250.09943651038478
2709,245.04507046279863
2710,239.43081494343508
2711,238.77526776716803
2712,234.34662918787558
2713,230.30030890749043
2714,226.58854267485827
2715,222.80727558666337
2716,222.19724266171553
2717,218.32272020030763
2718,225.039305239485
2719,220.00526059978858
2720,226.55107726673143
2721,222.83800734737542
2722,228.41423833731062
2723,234.2524179853004
2724,233.61104894856942
2725,232.97143594170063
2726,232.33357415678987
2727,227.83235969624766
2728,233.5147867268415
2729,229.70676474892636
2730,225.62671543646468
2731,221.219044755428
2732,217.46489144613548
2733,216.86948564776984
2734,227.485618354006
2735,226.86277640783226
2736,223.6816742038731
2737,223.06924722808188
2738,222.4584970405301
2739,218.74998371670927
2740,218.15105941296906
2741,214.23483976231043
2742,220.44982299826546
2743,216.40330993739275
2744,211.7954106845696
2745,206.8486713699083
2746,206.2823321438435
2747,202.0545780957825
2748,198.6268629774177
2749,198.08303456842035
2750,201.12505835177646
2751,205.08747244405254
2752,204.52595527476
2753,208.97134362602029
2754,205.49640886338105
2755,201.5614255476038
2756,197.15425950706788
2757,192.06413777383094
2758,188.88402875142262
2759,185.71557795188053
2760,185.20709986503144
2761,181.5931246006268
2762,177.78420482708265
2763,174.4773561941956
2764,170.56883203563848
2765,170.10182482845613
2766,165.62764241550596
2767,162.72794696847896
2768,159.84474645659273
2769,166.58721080528784
2770,166.13110503765134
2771,161.8150283317632
2772,161.37198851282628
2773,157.94556408633937
2774,154.30530224987385
2775,166.77248914363517
2776,176.27899921423145
2777,175.7963579126205
2778,175.315038053876
2779,187.2261328977286
2780,183.38193883991104
2781,180.68923201526513
2782,177.88930988066267
2783,174.8806447063024
2784,181.6886972066722
2785,181.19124447719955
2786,180.69515374339238
2787,183.26513009886827
2788,182.76336119091502
2789,180.34109592807854
2790,189.10712524835003
2791,184.69905663203596
2792,192.62613471627463
2793,200.89638940816155
2794,200.3463471722452
2795,195.03694601133415
2796,194.5029465791571
2797,198.72078861982396
2798,195.3940084497448
2799,191.8706793552487
2800,191.34534897081392
2801,203.24815455324574
2802,199.44707454111415
2803,198.9010004421681
2804,198.35642146127395
2805,193.69914003607616
2806,187.9935134677456
2807,180.917769479868
2808,213.3329070055159
2809,230.61236952350905
2810,224.97008446531655
2811,233.05904206946892
2812,240.81705159320333
2813,234.95375267486523
2814,241.73788662378914
2815,241.07602282396695
2816,240.4159711674361
2817,239.7577266926573
2818,250.19575819682717
2819,245.8280957625974
2820,256.59494231692514
2821,251.63495301664406
2822,246.9200962617171
2823,257.9419464286893
2824,257.23571688734097
2825,253.60712911539588
2826,252.91276804323368
2827,248.8611354324573
2828,248.1797686056606
2829,247.50026732027055
2830,243.73726084808004
2831,239.30495662382933
2832,238.64975404007453
2833,247.49914327951734
2834,242.86947023828608
2835,250.21084568469075
2836,249.52578343237064
2837,255.48668976517317
2838,252.41537626248302
2839,257.1612331090174
2840,251.97644913383274
2841,254.32134607440557
2842,251.111645009412
2843,247.5264445733157
2844,243.207018654417
2845,238.15420568890073
2846,232.20601919948973
2847,239.53502989325384
2848,250.4906356598402
2849,262.08385424162816
2850,261.36628440570763
2851,285.864840972627
2852,278.0662422068085
2853,291.5048180981395
2854,284.7039656356166
2855,277.4231501065821
2856,267.75165183079685
2857,257.3719899185577
2858,249.87722572784944
2859,241.41323285654778
2860,234.78879422516823
2861,230.1544027129024
2862,225.2873222095269
2863,238.05991773668637
2864,237.4081239945504
2865,229.9354499890042
2866,222.45024402237058
2867,217.86269941979006
2868,214.43116145282423
2869,211.1426211028545
2870,207.66186679693448
2871,207.09330109068136
2872,214.15623413224574
2873,221.6328737403871
2874,215.6037722306746
2875,208.3197315838318
2876,207.74936468334428
2877,201.59206527932605
2878,201.04011832469982
2879,200.48968256765124
2880,199.94075387061218
2881,205.77835198371992
2882,222.13687085456488
2883,217.4154070835222
2884,224.82355571802694
2885,224.2080023393021
2886,232.3624269487472
2887,231.72623259384434
2888,237.02827373385932
2889,245.73762581813634
2890,245.06481097287215
2891,240.21175603805307
2892,247.806666973076
2893,251.76438483338023
2894,251.07506908427283
2895,250.38764064024346
2896,246.46199287052673
2897,245.78719475182345
2898,242.50506015824112
2899,238.96235478804016
2900,244.71652995070102
2901,240.63173957908572
2902,239.9729043433682
2903,235.82827548176377
2904,231.6827710386653
2905,231.04843754078198
2906,227.8211943345679
2907,224.4119430160163
2908,223.79751660812263
2909,220.81706779230097
2910,220.2124839366389
2911,216.5752557461707
2912,212.57767247245323
2913,211.99564758580837
2914,207.87863839937498
2915,207.30947918550712
2916,212.2862712881873
2917,209.26388952563744
2918,208.69093757746987
2919,204.64931536672484
2920,204.08899784516717
2921,199.2558118635673
2922,204.97684041087845
2923,201.28088321485203
2924,200.72978825800945
2925,198.54133151143478
2926,195.78597166724515
2927,192.53879213206991
2928,188.2482423997167
2929,182.68281113875807
2930,199.05315833250484
2931,191.26344786022543
2932,197.4196624101074
2933,218.2087249976237
2934,227.12318985631546
2935,234.58297431941764
2936,230.87148557480006
2937,230.23937332774074
2938,227.45795754902107
2939,226.83519133646837
2940,232.7170193203447
2941,238.25010447997894
2942,237.59779001797423
2943,236.94726155374806
2944,244.3187097722296
2945,243.6497798337911
2946,248.16530779769485
2947,250.62822140800148
2948,249.9420164060444
2949,247.49971187299312
2950,246.8220725420508
2951,246.14628854685557
2952,243.13705196098203
2953,239.8996306811374
2954,239.24279991556665
2955,236.06363067984398
2956,232.54796038707855
2957,229.2612453826848
2958,225.74655368551478
2959,222.21955837474428
2960,218.41750300737377
2961,214.83112294696133
2962,211.14721791262895
2963,216.55959948696182
2964,222.83112620472397
2965,218.94706931466192
2966,215.1327315524016
2967,214.54371106761099
2968,213.95630328549467
2969,219.41118677776453
2970,218.81045213979596
2971,218.2113622771488
2972,223.53538936030512
2973,233.98750109661586
2974,233.34685738639874
2975,230.01095831112008
2976,229.38120213597213
2977,226.40490698534478
2978,223.3120780494413
2979,220.2536680873242
2980,219.65062678618168
2981,219.04923657586565
2982,218.44949293578873
2983,215.81614763473635
2984,215.22525599780062
2985,212.34803122206566
2986,209.07918887750915
2987,205.9815363466413
2988,203.165034031497
2989,200.66710788077208
2990,200.11769340389284
2991,199.56978319081944
2992,196.36326815907816
2993,195.8256373366017
2994,193.1497970580964
2995,190.43311278758202
2996,187.92031883283312
2997,185.53276029968112
2998,182.90072642393636
2999,179.95506013702587
3000,179.46235400162027
3001,178.97099686599097
3002,175.83378454008852
3003,172.66688873039396
3004,178.57029752431276
3005,187.60565007354114
3006,196.14265939054525
3007,190.76744810599232
3008,200.77343035449036
3009,205.7917621790359
3010,202.5739699445652
3011,199.0487154123827
3012,195.81221115124734
3013,192.10693075237936
3014,188.12208703889934
3015,187.607020074854
3016,184.6274904560757
3017,181.7876594277565
3018,178.66939865931622
3019,175.94028638805037
3020,179.66173692364973
3021,177.17501061826314
3022,182.8862657160416
3023,182.38553411599045
3024,191.28099692455072
3025,196.10689801704626
3026,192.9953148048753
3027,192.46690523619472
3028,189.07188018414232
3029,184.802019288553
3030,180.33181596898518
3031,177.28162230498685
3032,176.79623588163307
3033,183.29792066877255
3034,182.79606198221032
3035,180.51634766774538
3036,184.11619123767085
3037,183.61209217548702
3038,180.89622894998678
3039,184.69828308798174
3040,188.01413155442532
3041,191.8452282808483
3042,196.42017382238677
3043,193.50263151099108
3044,192.97283293967
3045,189.20861656051352
3046,188.6905747439623
3047,185.34258251115202
3048,189.39047430412398
3049,192.38783087641897
3050,191.86108456221137
3051,191.33578044774305
3052,195.08487130147785
3053,194.55074065273777
3054,191.52865010792578
3055,187.97783707451916
3056,194.57280980669512
3057,191.90176337721175
3058,195.45059518290245
3059,194.91546320416307
3060,192.8218345586682
3061,195.34030192052418
3062,192.96584084259902
3063,190.48843163212865
3064,188.02447918586915
3065,187.50967946625704
3066,186.99628923732647
3067,183.15702835067827
3068,182.65555541881227
3069,179.7700894450932
3070,185.2481653132925
3071,181.7237186628239
3072,179.1444293342651
3073,178.65394265726076
3074,175.30323670871542
3075,174.82326698617982
3076,177.0255279164613
3077,176.54084266414642
3078,176.05748445091214
3079,173.97416995125045
3080,171.8047638665218
3081,169.71175620548772
3082,167.86101549353452
3083,170.541642719063
3084,167.697779586867
3085,164.638841370035
3086,164.18807012077247
3087,161.9167159721523
3088,164.8018394090139
3089,167.06217251638978
3090,169.2064403012244
3091,172.03425455398184
3092,169.2194255548224
3093,167.17269276742752
3094,164.33674099273617
3095,160.9670884473635
3096,157.6083311266855
3097,163.0162581264163
3098,167.47251871396156
3099,163.68510735199575
3100,163.23694736913424
3101,160.57180773894075
3102,160.13217178324211
3103,163.54131887431427
3104,163.0935525756598
3105,166.93307719200104
3106,165.36854051518904
3107,164.915771393538
3108,166.9615676205696
3109,164.8410131908947
3110,167.32653226528356
3111,170.19723481079475
3112,168.2537583035116
3113,166.3631972042908
3114,168.75657011682802
3115,166.90623495317612
3116,164.78427266309095
3117,164.3331032316916
3118,162.31491338828056
3119,165.42893091540088
3120,163.52058393464446
3121,163.0728744070082
3122,162.6263906811414
3123,162.18112940087258
3124,161.73708721921915
3125,161.29426079836242
3126,159.44079896352508
3127,159.0042596418551
3128,158.56891553860225
3129,161.94215912793803
3130,159.9042858292422
3131,159.46647750839963
3132,157.4183348721557
3133,155.26371178977803
3134,153.28396989182508
3135,152.8642875979928
3136,150.51926925621265
3137,150.1071565465015
3138,153.9672411899356
3139,151.009326083766
3140,154.3558680381534
3141,153.9332509516411
3142,153.5117909653031
3143,150.91488902653808
3144,156.50295122607724
3145,160.70017330069894
3146,157.30440180002222
3147,154.87710603695476
3148,152.43894521845908
3149,152.02157655137796
3150,149.43514797060953
3151,146.219194588569
3152,142.8155260351946
3153,147.67540207397258
3154,147.27107570162755
3155,150.36845407522392
3156,147.98393112269397
3157,145.57857340245806
3158,143.0793845863727
3159,142.68764183358718
3160,140.32762766318217
3161,144.33086084120404
3162,143.93569162167398
3163,141.56329418417903
3164,139.38387022758718
3165,136.6406830464122
3166,133.6742493527577
3167,130.54740088251953
3168,135.60804605800365
3169,135.23675938091733
3170,132.52116565511696
3171,132.15833067098447
3172,130.3367188209642
3173,134.12516035904116
3174,132.04616758681692
3175,131.68463311883764
3176,129.5935255906205
3177,127.39082519096684
3178,127.04203677057912
3179,126.69420331191657
3180,126.34732220035141
3181,124.34865098283956
3182,121.99305229170282
3183,119.7981299048753
3184,117.45336260657227
3185,114.96828693558035
3186,119.05737200279961
3187,117.6690287355439
3188,116.17345706712113
3189,118.09149674879274
3190,116.59700320415043
3191,114.97521412347963
3192,122.70102738442633
3193,120.9632999632128
3194,118.95774238136174
3195,116.73738330944433
3196,116.41776337242248
3197,114.09459113234307
3198,111.67130146324766
3199,109.74842502426567
3200,107.83035712012084
3201,105.8761045217842
3202,103.77528174356877
3203,103.49115126132743
3204,101.26901491931011
3205,100.99174644495194
3206,100.71523711500664
3207,98.63599230409912
3208,96.28178837333812
3209,96.01817462542103
3210,95.75528263609675
3211,102.10781138896073
3212,99.09404927476076
3213,96.09370898846359
3214,104.11932854331378
3215,102.04864273661524
3216,99.93825607550654
3217,103.39297395218442
3218,108.28934220883379
3219,113.38742190972317
3220,118.3413243914698
3221,114.87634538752607
3222,120.52933052174575
3223,126.55084424699645
3224,129.50290424326533
3225,126.99542200841137
3226,131.67224869735534
3227,128.97143427800387
3228,133.26429738675162
3229,132.89942775261645
3230,132.53555710960288
3231,139.66465365427334
3232,144.45265155181718
3233,144.05714887664377
3234,142.3188808607502
3235,145.89877781775132
3236,143.41876922676687
3237,148.11597717897914
3238,147.71044453848484
3239,147.3060222219788
3240,152.88788994556597
3241,155.458826177984
3242,152.9919977564977
3243,151.45672716165552
3244,149.88330134796917
3245,149.47292988015516
3246,147.34814103457865
3247,150.14071092405268
3248,153.6603497160549
3249,153.23963691689258
3250,151.36917564189218
3251,154.51634590908813
3252,152.2179922406595
3253,151.80122852954747
3254,150.08747626079216
3255,148.17137784775886
3256,150.704739130649
3257,148.6476319816533
3258,146.8900965238525
3259,146.4879202708896
3260,149.42479716048555
3261,147.08775162917416
3262,146.6850342084163
3263,146.28341940374432
3264,144.75267016244604
3265,144.35634605435442
3266,147.6791241520267
3267,145.80476771578648
3268,145.405563027848
3269,148.03787581616157
3270,145.61446590186324
3271,145.21578224884993
3272,146.45231739544127
3273,145.07139891641626
3274,143.30980845927093
3275,142.91743481977494
3276,142.52613547571363
3277,140.86538420354975
3278,138.92536986896172
3279,136.51298792959057
3280,136.1392235760667
3281,133.94661266404478
3282,133.5798748917025
3283,135.43154336823557
3284,133.70069658409145
3285,136.57796338517568
3286,141.20212878728654
3287,139.01628038979882
3288,137.1396494983322
3289,139.44917561658525
3290,141.6632367910295
3291,144.29010144864407
3292,143.8950438258803
3293,142.2894785093069
3294,144.16217205361684
3295,142.18909800131772
3296,145.69561286853457
3297,143.7954176548995
3298,146.62308960841926
3299,146.22164440433784
3300,145.82129833308952
3301,143.7655518282266
3302,143.3719303907866
3303,147.5233835914056
3304,147.1194734365262
3305,152.15110954022538
3306,149.1741011303245
3307,145.77550006296363
3308,155.1512946350958
3309,154.72649971838368
3310,151.25285464904678
3311,159.6859578430937
3312,156.46322079244163
3313,156.03483390078625
3314,153.58852263470064
3315,150.5749314932885
3316,154.63819258017796
3317,151.11246802127306
3318,147.330759587745
3319,144.25457595596887
3320,143.8596155998682
3321,141.70695436621673
3322,141.31896924486082
3323,139.2094069987985
3324,136.667018076836
3325,142.23710595251714
3326,146.20587848309933
3327,142.62179439319434
3328,146.26980310597884
3329,144.34670386898586
3330,143.95149127219824
3331,141.93427208458564
3332,143.5118097370959
3333,145.61150759900272
3334,145.2128320456448
3335,143.4385366435017
3336,145.5490432280681
3337,145.1505386984023
3338,144.75312525017986
3339,149.5115919792666
3340,149.1022382293562
3341,148.6940052654019
3342,153.3413212516427
3343,150.15627013711287
3344,146.89664478299292
3345,150.45234385925346
3346,148.76734842370098
3347,148.36003236790035
3348,147.95383151897187
3349,145.38804956803284
3350,142.51069992377592
3351,138.34050316910444
3352,137.9617351887286
3353,133.91633476050245
3354,133.5496798872397
3355,137.32253052599393
3356,143.03523396056494
3357,142.64361208953846
3358,140.21287913909512
3359,138.09476857647053
3360,137.71667340263528
3361,141.93281471169183
3362,139.4676870262249
3363,143.20921711235155
3364,149.06370480635874
3365,154.24334565111772
3366,163.30040475187877
3367,162.85329806160732
3368,159.16638863466756
3369,158.73060063197988
3370,154.92334936193592
3371,154.49917854567718
3372,152.06345582180924
3373,151.647115222121
3374,151.2319145379635
3375,148.3398605758795
3376,147.93371495610478
3377,147.52868133861875
3378,145.19849893477337
3379,148.9632685863473
3380,146.0245968912823
3381,153.19956192104115
3382,152.78011073115812
3383,149.27476665779338
3384,145.39127281933455
3385,144.9932002555624
3386,148.48130245679565
3387,148.07476957765476
3388,147.66934976109542
3389,147.26503995961917
3390,144.7019239266843
3391,144.30573875873523
3392,143.91063832195658
3393,143.51661964641963
3394,144.13052639861266
3395,152.6792892188328
3396,149.91245978090015
3397,162.8638586938685
3398,160.09800437448945
3399,157.1066275449115
3400,154.10799807286358
3401,151.7113639310091
3402,151.2959873377494
3403,148.83413315440364
3404,148.42663424602557
3405,148.020251045159
3406,145.58680587020348
3407,143.64297157000104
3408,143.2496857499383
3409,146.39341269264617
3410,150.3031134934614
3411,149.89159260523297
3412,154.04650906603212
3413,152.06071643676205
3414,154.72285412250878
3415,159.65594316337408
3416,159.2188147898198
3417,162.815791872747
3418,164.3704080065947
3419,162.8239966215131
3420,161.26920027291663
3421,159.48936389287655
3422,157.41767904680248
3423,156.98667890583056
3424,154.29856302359292
3425,153.8761028347652
3426,157.41887080206743
3427,154.36421955144013
3428,153.94157959898655
3429,159.40867454889937
3430,157.3042781458342
3431,154.98198443882535
3432,154.55765308325135
3433,157.0576457994268
3434,159.55303371954582
3435,157.46601469603215
3436,155.37949531408785
3437,158.78748200441646
3438,156.63500737390314
3439,156.20615014091587
3440,153.96179901451205
3441,153.5402608652943
3442,154.87107268447238
3443,156.8086380064388
3444,159.86327463132602
3445,159.42557859667767
3446,158.98908094745704
3447,158.55377840255687
3448,156.81397500208195
3449,159.86420318647214
3450,160.39434472767798
3451,159.13771195755353
3452,160.60040570949127
3453,162.1874498086119
3454,160.75377886230203
3455,159.2341326389761
3456,157.4478652839266
3457,157.0167824948523
3458,156.58687998453692
3459,155.10127898935755
3460,154.67662101247643
3461,154.25312572360474
3462,152.13417243682304
3463,151.7176382192945
3464,154.69289638759992
3465,154.26935653772964
3466,151.90387484351612
3467,151.48797116695212
3468,149.46681373810517
3469,147.38744580546927
3470,146.98390784007492
3471,146.58147473736832
3472,147.3782366585589
3473,149.23931564054107
3474,152.3354513940067
3475,155.12548193676727
3476,153.3883703897872
3477,151.62759482019115
3478,151.2124475817205
3479,150.79843699142936
3480,153.67210373214056
3481,153.2513587511889
3482,152.83176574469906
3483,150.9307482569072
3484,151.99524850888469
3485,151.57909465671847
3486,154.92290200640966
3487,152.28434275631298
3488,150.59502276883396
3489,148.7026833397224
3490,148.29554433303392
3491,150.97974972072387
3492,155.1381439458589
3493,156.94878106290537
3494,161.14754339821818
3495,159.27507148595961
3496,162.70178831169284
3497,162.2563205972446
3498,160.18000270391852
3499,158.39844490555538
3500,160.82239059630595
3501,158.93499314594436
3502,156.72793158998394
3503,156.2988199360798
3504,155.87088316408506
3505,152.6070193136479
3506,150.43081316255484
3507,147.90082252562956
3508,147.49587896564063
3509,147.09204411677294
3510,144.00148400687567
3511,140.57200341377342
3512,140.18712571988982
3513,147.35945823020356
3514,144.95267906589854
3515,142.03503647996484
3516,138.58806119903903
3517,135.2184189195254
3518,131.48471388091733
3519,127.47501973291638
3520,122.81156289428142
3521,129.7114684821696
3522,128.12160519326008
3523,130.2868150548889
3524,128.2609083778221
3525,126.05453529722924
3526,128.80911568519957
3527,132.74278877556867
3528,130.8090423782075
3529,128.98800647879202
3530,132.10989890621465
3531,135.95251020656
3532,138.744571221142
3533,144.30041316523045
3534,142.18532303264405
3535,141.7960281666399
3536,140.3806167532446
3537,139.71521031420116
