symbol,timeframe,status,cluster,data_source,n_signals,n_folds,rows,trials,best_ev,best_atr_sl_mult,best_atr_tp_mult,best_breakeven_atr,best_trail_activation_atr,best_trail_distance_atr,best_horizon,cost_bps,fee_bps,spread_bps,slippage_bps,best_risk_pct
AAPL,H1,ok,equity,bars,9333,53,17144,200,0.9789395023921394,2.0263197409518634,7.132080777668676,1.494227750451932,1.6365010403073956,1.9495906833253638,29,8.4,0.4,3.0,2.5,0.02803896005572693
AAPL,H4,ok,equity,bars,2794,57,4879,200,12.49545903949011,0.8697089110510541,7.817507766587351,1.2301593880333375,3.8184968246925672,1.821206495727003,24,8.4,0.4,3.0,2.5,0.028046855875577918
AAPL,M1,ok,equity,bars,52444,36,100179,200,-0.28603361201471156,2.4521859683554603,7.740929066021898,1.4634526192088946,1.8849433209535322,1.9228426051389897,33,8.4,0.4,3.0,2.5,0.005007459337147301
AAPL,M15,ok,equity,bars,28188,42,55355,200,0.23338654514502558,1.249080237694725,7.704285838459497,1.178392730173686,2.79597545259111,0.565231688752142,10,8.4,0.4,3.0,2.5,0.0064520903042049865
AAPL,M30,ok,equity,bars,15866,32,29210,200,0.38850914448227625,0.9779866950763103,7.466504607911789,1.39008965901909,3.1061280710015193,0.6139445219523108,26,8.4,0.4,3.0,2.5,0.007870280620742739
ALVG,H1,ok,equity,bars,7687,43,14184,200,1.2257379327193756,2.2212222829664565,6.627312638308017,1.1660752714226068,3.4980965749499227,0.5063848170476272,35,8.4,0.4,3.0,2.5,0.02001375864085408
ALVG,H4,ok,equity,bars,2660,57,4836,200,1963.6416776719054,1.0024440881801309,6.375014279684486,1.0901115036437403,3.6714865606265406,0.9721596350032247,21,8.4,0.4,3.0,2.5,0.02851708575069307
ALVG,M1,ok,equity,bars,52818,36,100066,200,-0.7446211940547177,2.435227306673749,6.771551284221387,1.2506266832391644,2.870074713134791,1.2417000767115933,17,8.4,0.4,3.0,2.5,0.00501268983415205
ALVG,M15,ok,equity,bars,22138,30,41881,200,0.022115520092570683,1.7554632219091653,6.5107810517024305,1.2197901361149288,1.5821181724891973,0.3057546682820826,22,8.4,0.4,3.0,2.5,0.006143549474648979
ALVG,M30,ok,equity,bars,12412,25,23047,200,0.02192481080660481,2.372296692580061,5.6717049860603375,1.165580595583642,3.618762380015733,1.8309842544250667,20,8.4,0.4,3.0,2.5,0.012125904826777934
AMZN,H1,ok,equity,bars,6566,35,11741,200,2.7648579264752398,1.4055842991300622,4.054922151525473,0.7597426973941602,2.3127217952273997,0.44592884856472936,29,8.4,0.4,3.0,2.5,0.01281929322660628
AMZN,H4,ok,equity,bars,1937,40,3453,200,1168.0433580611657,1.2135066533871786,3.6856070581242846,0.9512352997898981,1.422772674924288,1.6637348672818675,8,8.4,0.4,3.0,2.5,0.02967217341501293
AMZN,M1,ok,equity,bars,53187,36,100179,200,-0.25259887363887457,2.4467821700654997,7.595796239943738,1.3961840650653703,2.773285122620545,1.4880015831527307,36,8.4,0.4,3.0,2.5,0.005032368867605508
AMZN,M15,ok,equity,bars,17117,23,32880,200,1.0440936180691855,1.249080237694725,7.704285838459497,1.178392730173686,2.79597545259111,0.565231688752142,10,8.4,0.4,3.0,2.5,0.0064520903042049865
AMZN,M30,ok,equity,bars,10122,19,18414,200,3.3633898120165964,1.6475693711734862,6.654783493604223,0.5774666268373596,2.7635879232525733,0.7273907915767732,28,8.4,0.4,3.0,2.5,0.015466243575538944
BCHUSD,H1,ok,crypto,bars,18588,241,73385,200,0.06361318407828317,1.5320183245196455,5.8308655400412,1.5306499890258445,4.989869769867213,2.25051169195412,43,37.5,6.5,15.0,8.0,0.019558203307500747
BCHUSD,H4,ok,crypto,bars,5294,228,18550,200,434.31149685772687,1.2827361200036076,8.178579190077159,1.1126642609717563,4.572842118751338,0.5016907647778392,46,37.5,6.5,15.0,8.0,0.029692496423406073
BCHUSD,M1,ok,crypto,bars,21614,36,100069,200,-0.9801427068057094,2.6996120054686434,9.099626757837402,1.2910408087960867,2.3811780569378023,2.4504168537925253,47,37.5,6.5,15.0,8.0,0.005006734056944952
BCHUSD,M15,ok,crypto,bars,21850,80,100985,200,-0.06831131148612504,2.663005747327793,9.072522779116381,1.5736406190316554,3.428446174071312,2.2953753185660335,41,37.5,6.5,15.0,8.0,0.010767356873987746
BCHUSD,M30,ok,crypto,bars,23308,121,100188,200,0.01076526506426073,2.253710201962668,9.629397384929765,1.5009643140054356,4.373928232882331,2.1416504472519833,42,37.5,6.5,15.0,8.0,0.010578419799870972
BTCUSD,H1,ok,crypto,bars,9140,227,69317,200,424.27922293879936,1.7816194324581822,4.540110748589482,1.113120377158432,4.279166300018565,1.8180312805474772,46,37.5,6.5,15.0,8.0,0.02382824993417947
BTCUSD,H4,ok,crypto,bars,1747,218,17709,200,960.580073242418,0.8039030045741096,6.151995076546442,1.1529464366593714,1.8659004504962642,1.850275368241996,8,37.5,6.5,15.0,8.0,0.022931509626572828
BTCUSD,M1,ok,crypto,bars,5466,36,100069,200,-0.4105302696025268,2.8844441598880333,3.6031687265703045,1.8756175954119712,4.507534752421552,1.2725132708261928,44,37.5,6.5,15.0,8.0,0.0050655829803617144
BTCUSD,M15,ok,crypto,bars,12290,79,100182,200,-0.08837969314506414,2.7999166800089488,9.32245573645092,1.8826087626112407,4.386994706834744,1.2962309557339382,45,37.5,6.5,15.0,8.0,0.015148740465631786
BTCUSD,M30,ok,crypto,bars,13652,121,100173,200,0.018473284017764883,2.6822867693200267,9.556787693815615,1.550547619757931,2.8404831032827875,2.3369222357455244,42,37.5,6.5,15.0,8.0,0.020260284853117216
DBKGn,H1,ok,equity,bars,7764,43,14182,200,0.9732899688396479,2.240585985443872,4.110925849389297,0.49210765848374877,1.160488127797877,0.4032744100598382,11,8.4,0.4,3.0,2.5,0.02711002013268957
DBKGn,H4,ok,equity,bars,2673,57,4835,200,1270.0805751898188,1.6740116367329594,4.653581519379087,1.445017100530012,1.86450348623126,1.529364038233141,19,8.4,0.4,3.0,2.5,0.02360940544221959
DBKGn,M1,ok,equity,bars,52761,36,100064,200,-0.3521163304721113,2.4989845334600553,7.14933573956223,1.3280242961717,2.0860807754876416,1.8510481269184862,36,8.4,0.4,3.0,2.5,0.005044406223641094
DBKGn,M15,ok,equity,bars,21920,31,42225,200,0.07333354890705891,1.4735949969198763,6.357649100447832,1.4970786095346376,3.9812057113676853,0.31568703737556675,19,8.4,0.4,3.0,2.5,0.005714090431073919
DBKGn,M30,ok,equity,bars,12287,25,23158,200,2.8624254039123502,1.8148024708915014,7.714066689918384,1.2204850701741894,1.2264018260156864,0.36593469322294775,35,8.4,0.4,3.0,2.5,0.006775521754052809
DOGEUSD,H1,ok,crypto,bars,16352,123,37953,200,0.1089562192563221,2.7055875207048574,7.207805082202461,1.5037233822532774,1.5720457300353086,2.4398197043239884,41,37.5,6.5,15.0,8.0,0.010308477766956904
DOGEUSD,H4,ok,crypto,bars,4843,119,9799,200,1191.033800000794,2.122891486376052,8.949324025210275,1.6193141165521772,4.687293565481777,1.7302282900948192,46,37.5,6.5,15.0,8.0,0.025265935771069545
DOGEUSD,M1,ok,crypto,bars,42933,36,100069,200,-0.7207825907427259,2.8497517890757775,9.031166452473606,1.7474994520907572,3.9599365486736082,2.264662624967539,46,37.5,6.5,15.0,8.0,0.005016143509722328
DOGEUSD,M15,ok,crypto,bars,42576,79,100182,200,-0.059697277213818206,2.616351204887472,9.469049789413216,1.5887302209150056,4.79393052941715,1.5258457657108377,34,37.5,6.5,15.0,8.0,0.009600027370224905
DOGEUSD,M30,ok,crypto,bars,31109,88,73552,200,0.008060066368289537,2.943522223058718,9.718061487809667,1.795504136775857,4.231745670964941,1.7096627715862813,47,37.5,6.5,15.0,8.0,0.016580258721812433
EU50.cash,H1,ok,index,bars,14283,86,27050,200,0.1800559189561097,0.5338725463627737,6.514791098160702,0.9286045753690214,2.116538173887662,1.9179264357693298,33,5.0,0.0,2.0,1.5,0.006030195107005384
EU50.cash,H4,ok,index,bars,3991,88,7356,200,22.322222502173613,2.445853610052587,7.14713657580529,0.47817100835610715,1.6789386845317096,1.254248685430273,21,5.0,0.0,2.0,1.5,0.027703240483747768
EU50.cash,M1,ok,index,bars,26139,36,100067,200,-0.6330376390870932,2.4191214165973003,5.751330124703091,1.4862650204249928,1.5242064374971451,1.0672408713725285,20,5.0,0.0,2.0,1.5,0.005009201125416903
EU50.cash,M15,ok,index,bars,48721,73,93085,200,-0.10697034758135374,1.5273267141244171,6.236801911734378,1.4634445329454389,3.7968710257353613,0.3261251534577773,18,5.0,0.0,2.0,1.5,0.0053786059275689226
EU50.cash,M30,ok,index,bars,25984,57,49099,200,0.009919856546313383,2.4094226137417265,4.141481476258851,1.0683316736632689,1.3295039128954074,0.44878199721774015,10,5.0,0.0,2.0,1.5,0.018181198915653785
GER40.cash,H1,ok,index,bars,14707,89,27818,200,0.09628272015682379,2.193717548038027,3.823814510803382,1.4404792016814376,2.0144469956398403,0.32645001928717066,34,5.0,0.0,2.0,1.5,0.016396075082392714
GER40.cash,H4,ok,index,bars,4151,93,7735,200,346.9208111499838,1.684829137724085,2.278702476319986,1.029053822281726,1.5115723710618747,0.41058770807497513,35,5.0,0.0,2.0,1.5,0.02914080082686398
GER40.cash,M1,ok,index,bars,52227,36,100067,200,-0.980787794113083,2.40014641636031,6.527762005836244,1.4010960042232208,1.4189684373641207,1.7584345350060369,31,5.0,0.0,2.0,1.5,0.00502080482395257
GER40.cash,M15,ok,index,bars,49163,75,95883,200,-0.04109054921741148,2.4998532307234207,6.536004452543125,1.3957152539698494,1.6529623199282881,0.4358685726535144,31,5.0,0.0,2.0,1.5,0.010971650132713964
GER40.cash,M30,ok,index,bars,26292,59,50514,200,-0.09316335647649276,2.0062586457705236,7.192685700310147,1.0634519306873254,1.6419333605891246,1.1936233122407502,10,5.0,0.0,2.0,1.5,0.01309269897093706
GOOG,H1,ok,equity,bars,6356,35,11741,200,1.438591084430623,1.3867335314420528,7.6380265312384745,0.7848465639865203,3.533212348719017,0.7048243290482614,10,8.4,0.4,3.0,2.5,0.018448493737709494
GOOG,H4,ok,equity,bars,1940,40,3453,200,23.9027292211345,2.1167946962329225,3.8276826150402243,0.4172065368076606,3.052699079536471,1.0482592393573222,9,8.4,0.4,3.0,2.5,0.017379422752781752
GOOG,M1,ok,equity,bars,52932,36,100179,200,-0.3328428780621805,2.3756339805101785,7.550636856513581,1.379698487576691,3.5508658006696288,1.7146577081411594,33,8.4,0.4,3.0,2.5,0.00640605085890222
GOOG,M15,ok,equity,bars,16662,23,32889,200,1.818201300717891,1.1907602521865892,7.459198167773182,0.9071575697707134,1.8826749097872684,0.3474274728678337,28,8.4,0.4,3.0,2.5,0.005578599459776081
GOOG,M30,ok,equity,bars,9932,19,18417,200,3.365548165765515,1.8223407950147272,4.730298481587018,0.6540701858555199,2.5219965451649715,0.5304162759677327,16,8.4,0.4,3.0,2.5,0.012648467343329537
GRTUSD,H1,ok,crypto,bars,23295,145,44759,200,0.04106609242701632,2.2376274486795604,5.928728487185531,0.5712917206939697,3.8913238296513364,2.3576491309230887,42,37.5,6.5,15.0,8.0,0.028432810002882582
GRTUSD,H4,ok,crypto,bars,5903,138,11365,200,1379.6402914777618,1.8869239057221725,8.608823120097213,1.9710581441791164,4.958124572488396,2.0479006644273867,34,37.5,6.5,15.0,8.0,0.02800168400902814
GRTUSD,M1,ok,crypto,bars,52476,36,100075,200,-0.7357262441375108,2.997828754116004,6.372398322750423,1.5519299436492693,4.59728065877942,2.3051719327845035,46,37.5,6.5,15.0,8.0,0.005006887279772268
GRTUSD,M15,ok,crypto,bars,51642,80,100997,200,-0.004855879782311503,2.7643476796343776,7.532164073360116,1.9029209007503791,3.2437480810516686,1.6816793876224736,46,37.5,6.5,15.0,8.0,0.011076916345783708
GRTUSD,M30,ok,crypto,bars,39727,92,77025,200,0.011456361572776292,2.7562260378918606,6.675571350252625,0.9928581737246234,4.371495090154847,1.8586125364535508,39,37.5,6.5,15.0,8.0,0.01595972378532371
JP225.cash,H1,ok,index,bars,7280,96,29801,200,0.25815858746437015,2.2547989528044385,7.715297510258761,1.186225733227276,1.9586431266356272,0.33929441199810856,31,5.0,0.0,2.0,1.5,0.02626211682062639
JP225.cash,H4,ok,index,bars,1903,96,7957,200,1406.89615423177,2.0930421298805877,3.1890946363806503,1.4747189480480853,2.037392522964593,1.668597916614889,33,5.0,0.0,2.0,1.5,0.02755662937567719
JP225.cash,M1,ok,index,bars,18007,36,100235,200,-0.4522563731241493,2.4665029018944735,7.186887114504198,1.0310122714218977,2.6741101303909027,1.8156124215543454,19,5.0,0.0,2.0,1.5,0.005015744468634913
JP225.cash,M15,ok,index,bars,20585,80,100906,200,-0.048223449279618545,1.4735949969198763,6.357649100447832,1.4970786095346376,3.9812057113676853,0.31568703737556675,19,5.0,0.0,2.0,1.5,0.005714090431073919
JP225.cash,M30,ok,index,bars,11803,64,54672,200,0.029580061877742904,2.3817837652239042,7.721742598805425,0.98353029511727,3.668011715168567,1.5450920142001239,33,5.0,0.0,2.0,1.5,0.015561284061099976
LVMH,H1,ok,equity,bars,7741,43,14196,200,2.8222846587727353,1.2178017262242193,7.623344791964293,1.1511765107259693,1.3256026867277575,0.45145744344917105,10,8.4,0.4,3.0,2.5,0.014621670016826308
LVMH,H4,ok,equity,bars,2641,57,4838,200,408.7519723579032,0.8559430409768017,4.166248976449807,1.041705625580592,1.0691862339254605,1.038365827933576,24,8.4,0.4,3.0,2.5,0.02081094699899274
LVMH,M1,ok,equity,bars,52980,36,100070,200,-0.38607337491333327,2.441606870822597,6.916551050326589,1.4950237442253436,3.898170967576602,1.2499615506904556,27,8.4,0.4,3.0,2.5,0.005006787533483089
LVMH,M15,ok,equity,bars,22023,30,41896,200,0.0753305509117839,1.5969072020615451,6.445446181485554,1.3382969693953466,2.79113402511832,0.41735924042160566,16,8.4,0.4,3.0,2.5,0.007274863476416161
LVMH,M30,ok,equity,bars,12432,25,23061,200,2.6225767257910673,2.088240800860283,5.997458277960981,1.069385721280103,2.4479876386700545,0.5803933754405514,26,8.4,0.4,3.0,2.5,0.010754827228988819
NVDA,H1,ok,equity,bars,5062,26,9051,200,3.381832120844104,2.2864500500240936,6.3321691491512935,1.4591647402475312,3.641579922710789,1.0484278529223812,21,8.4,0.4,3.0,2.5,0.026858762210759404
NVDA,H4,ok,equity,bars,1621,31,2754,200,108.86505505244193,2.212174464894023,7.7143293160299,0.5391000127277096,1.7383517017741645,1.048997782220018,30,8.4,0.4,3.0,2.5,0.026353339579534688
NVDA,M1,ok,equity,bars,52912,36,100179,200,-0.32133067679252864,2.1934782323585984,4.620564996310663,1.4241315066908133,3.628537203486636,1.2891044956701447,19,8.4,0.4,3.0,2.5,0.005027955085739715
NVDA,M15,ok,equity,bars,15654,21,30592,200,2.1335388180906874,1.249080237694725,7.704285838459497,1.178392730173686,2.79597545259111,0.565231688752142,10,8.4,0.4,3.0,2.5,0.0064520903042049865
NVDA,M30,ok,equity,bars,8718,16,15851,200,2.8015679487383225,1.785276192147149,5.991047776555678,0.562784064923772,2.92370217668224,1.1268564894807862,16,8.4,0.4,3.0,2.5,0.013180867936899786
PFE,H1,ok,equity,bars,6390,35,11741,200,2.164298701537754,1.376702297031237,7.25494997984452,1.3579476733931999,2.1206871959714917,0.34841837263449815,35,8.4,0.4,3.0,2.5,0.012419393757043673
PFE,H4,ok,equity,bars,1906,40,3453,200,15.793569975140025,1.8327888439239635,4.747832928105861,0.34397514599231155,2.335394488689438,1.399531941948428,6,8.4,0.4,3.0,2.5,0.014126304415618168
PFE,M1,ok,equity,bars,49825,36,100176,200,-0.312575546534077,2.4488254903576654,6.573565680159317,1.3800840996439396,1.8587042789945893,1.8656571160135462,35,8.4,0.4,3.0,2.5,0.0050142578787902405
PFE,M15,ok,equity,bars,17079,23,33024,200,0.045006872092995184,1.6811635567432341,4.461322535535859,1.187307984505353,3.5977376333670144,1.424164330081498,17,8.4,0.4,3.0,2.5,0.007690852025879997
PFE,M30,ok,equity,bars,10016,19,18461,200,1.758038013493756,0.8509461282146991,6.234003929093587,0.6427898550089873,1.9088982757755233,1.1363061091753408,13,8.4,0.4,3.0,2.5,0.006042794458614236
RACE,H1,ok,equity,bars,5398,29,9883,200,0.9898813798313059,2.3475180674397045,4.984584977912324,1.035101041028108,3.519714649221276,1.6483500426759412,31,8.4,0.4,3.0,2.5,0.019251615442666358
RACE,H4,ok,equity,bars,1687,33,2912,200,793.9583567354507,1.3596121135373498,6.848223554711613,0.8556503001525937,1.5440444445015584,1.4359010725037495,34,8.4,0.4,3.0,2.5,0.009351107532561537
RACE,M1,ok,equity,bars,48565,36,100177,200,-0.3796824675336314,2.3331631917508866,4.063204443015718,1.3413364830519638,1.357918842733006,0.4170771770402272,34,8.4,0.4,3.0,2.5,0.005006091666517821
RACE,M15,ok,equity,bars,15771,21,31145,200,0.6295622452800088,1.7345494778550232,6.332551282485585,1.2765450327077519,3.0339534443558,0.9687801245332608,14,8.4,0.4,3.0,2.5,0.009644937656345462
RACE,M30,ok,equity,bars,8943,16,16595,200,2.4917975212992305,1.6907937833702267,4.7246508055040035,0.8824148622269522,1.2267760883353345,1.1944389504338022,8,8.4,0.4,3.0,2.5,0.011416236813334814
SOLUSD,H1,ok,crypto,bars,3755,19,6947,200,0.2597075935872735,2.28421719611743,5.935710480035324,1.0660688600812898,1.5743910022716612,0.6224312707054196,36,37.5,6.5,15.0,8.0,0.025402396765495067
SOLUSD,H4,ok,crypto,bars,1099,20,1907,200,2708.536106527455,1.2066798021561596,9.787092394351909,1.6177257997138947,4.7882462954746625,2.289654700855298,31,37.5,6.5,15.0,8.0,0.028046855875577918
SOLUSD,M1,ok,crypto,bars,51093,36,100069,200,-0.9129011599356259,2.997610066361753,9.158310252579732,1.9646425098111995,2.434497043669313,2.181944933600766,47,37.5,6.5,15.0,8.0,0.005016908409400787
SOLUSD,M15,ok,crypto,bars,14174,18,27199,200,-0.16070393682824202,2.884592747353262,3.8064730578828616,1.5148817887329606,2.6028252259605718,2.2519796251108914,28,37.5,6.5,15.0,8.0,0.007828074844639196
SOLUSD,M30,ok,crypto,bars,7268,13,13697,200,0.21206327416463353,2.4326904798008044,6.3292544032071225,1.3285488145843403,4.535237726382628,2.1314188764310393,43,37.5,6.5,15.0,8.0,0.021132015194830763
TSLA,H1,ok,equity,bars,6321,35,11735,200,4.159267817863578,0.5013824390836527,7.7254173099220855,0.906537081993479,1.1699059628942161,1.2275763094257948,13,8.4,0.4,3.0,2.5,0.0067724360181571144
TSLA,H4,ok,equity,bars,1938,40,3452,200,2763.8639524960845,0.8370029232857014,5.56919908895398,1.0360466058671585,2.686514166996342,0.3362053252308361,13,8.4,0.4,3.0,2.5,0.024995590119259285
TSLA,M1,ok,equity,bars,53064,36,100179,200,-0.18072598016330607,2.4035662468138597,3.673917108273131,1.1050459219643964,2.3715899080256135,1.3214720885322937,31,8.4,0.4,3.0,2.5,0.005013224470224492
TSLA,M15,ok,equity,bars,16989,23,32874,200,1.7238341939783757,1.7301730301771383,7.984331507170262,0.40965954573059676,3.503399328996355,0.735351812095543,9,8.4,0.4,3.0,2.5,0.007952601746274655
TSLA,M30,ok,equity,bars,9980,19,18408,200,3.55781097988126,0.9145805391701647,6.203490611914221,0.33768965600152223,1.993627635203529,0.7592963882629948,10,8.4,0.4,3.0,2.5,0.005596788558515613
UKOIL.cash,H1,ok,commodity,bars,14716,88,27577,200,0.2680397446187263,1.9592268408246512,3.872749467280484,1.0976012428787514,1.1845196284615858,0.32406454445848165,31,10.0,0.0,4.0,3.0,0.0246516008125592
UKOIL.cash,H4,ok,commodity,bars,4393,95,7922,200,69.63342665700655,2.301729141019599,7.083337520656179,0.3219985524007453,3.063653014802781,1.4259286361658552,33,10.0,0.0,4.0,3.0,0.009335575904352883
UKOIL.cash,M1,ok,commodity,bars,51632,36,100067,200,-0.8052607556528394,2.493826861970731,5.7520459874504315,1.3464220462023753,1.9053398131171104,1.9684161919015224,28,10.0,0.0,4.0,3.0,0.005004801224406994
UKOIL.cash,M15,ok,commodity,bars,50225,75,95783,200,0.0010700400114184536,2.487432168287026,4.136382739100814,1.4520233270829097,3.0467609072703783,0.5999586889085593,21,10.0,0.0,4.0,3.0,0.007937681371743081
UKOIL.cash,M30,ok,commodity,bars,26628,59,50309,200,0.053649915183207504,1.3657621023499313,7.326764173785211,1.4949785081864646,3.6667561071893666,0.47557016852499956,17,10.0,0.0,4.0,3.0,0.007749547365247407
UNIUSD,H1,ok,crypto,bars,19907,125,38778,200,0.5589059808446393,2.669543999818153,7.585387108852146,1.0815725627348423,4.794626509846769,1.0430882291907164,46,37.5,6.5,15.0,8.0,0.020548032018714198
UNIUSD,H4,ok,crypto,bars,5199,121,10001,200,658.1206120545405,2.1806319751137644,3.214336724296226,1.2553535733452819,1.6316793942923873,0.6013852671028331,45,37.5,6.5,15.0,8.0,0.026275221829169224
UNIUSD,M1,ok,crypto,bars,51319,36,100069,200,-0.6303113459506222,2.9110427277528386,8.882276089574182,1.945817599390179,4.197185189582989,2.2841706336102656,40,37.5,6.5,15.0,8.0,0.005045247898343643
UNIUSD,M15,ok,crypto,bars,51096,80,100994,200,-0.08062572937983559,1.99118479280043,7.83511166788762,1.5552894260325358,4.5062429731203295,0.5184553380889021,36,37.5,6.5,15.0,8.0,0.005956069311656757
UNIUSD,M30,ok,crypto,bars,39421,92,77184,200,0.01722355344731982,2.27642404249578,7.336737601935194,1.8565302605902494,4.993154206237142,1.753941600003122,38,37.5,6.5,15.0,8.0,0.011616490824094477
US30.cash,H1,ok,index,bars,21044,133,40933,200,0.07199592374306338,1.8559689645139228,4.3473519663617815,1.307247950265915,2.3773087210978816,0.6300294186365093,27,5.0,0.0,2.0,1.5,0.019053340425296748
US30.cash,H4,ok,index,bars,5997,133,10897,200,1323.6681658922628,0.8156292509842884,7.997000237705475,1.273370302261188,3.8698973360923397,1.5802375525423136,34,5.0,0.0,2.0,1.5,0.029542705899058656
US30.cash,M1,ok,index,bars,52388,36,100068,200,-1.4810284295126739,2.472521245691499,4.63796641813206,1.143161954507228,1.8170835580755416,1.7252380752997831,20,5.0,0.0,2.0,1.5,0.005555948017032754
US30.cash,M15,ok,index,bars,51670,79,100223,200,-0.1370645694456911,1.5273267141244171,6.236801911734378,1.4634445329454389,3.7968710257353613,0.3261251534577773,18,5.0,0.0,2.0,1.5,0.0053786059275689226
US30.cash,M30,ok,index,bars,41254,96,80166,200,0.00961699313940523,1.1418011411604292,7.567046343390499,0.7583974959576382,3.065651539617751,0.3648649438368479,11,5.0,0.0,2.0,1.5,0.00640285514249184
USOIL.cash,H1,ok,commodity,bars,302,97,30396,200,1.2186381174277436,1.1073290394927076,7.313673559180973,1.2866169437243158,3.9121982897910628,1.9851350101834657,30,10.0,0.0,4.0,3.0,0.02625623736049484
USOIL.cash,H4,ok,commodity,bars,4556,98,8092,200,18.043058018557453,1.8860623273766157,6.932018005297423,0.43523270449565377,1.0023773563166953,1.971437136555181,34,10.0,0.0,4.0,3.0,0.019388210730093083
USOIL.cash,M1,ok,commodity,bars,51470,36,100068,200,-0.9706080099942428,2.498629768916427,6.791701087823817,1.1220849033566282,3.9097960489646524,0.9375923879694725,22,10.0,0.0,4.0,3.0,0.005043636915870025
USOIL.cash,M15,ok,commodity,bars,52789,80,101335,200,-0.08271786441528357,2.024218875559029,6.08917015029344,1.4306342462610022,3.822098546187531,0.5346737158685624,23,10.0,0.0,4.0,3.0,0.009556830742771723
USOIL.cash,M30,ok,commodity,bars,31082,70,59383,200,0.03765821037953431,2.0013671970935616,6.839621268408047,1.1150984916311704,2.201056973568693,1.1135829352850344,30,10.0,0.0,4.0,3.0,0.013254323073511825
V,H1,ok,equity,bars,4884,29,9841,200,2.9713650182103244,2.3542230581860104,3.02225967932403,0.3293082911824167,1.2429473290905104,1.5885951045603715,30,8.4,0.4,3.0,2.5,0.029971197996934828
V,H4,ok,equity,bars,1631,33,2912,200,25.469715724513396,0.8676684970166402,7.358725375482393,0.47605470116620346,1.0837133486732944,1.6833335617292686,34,8.4,0.4,3.0,2.5,0.027301423375019174
V,M1,ok,equity,bars,46386,36,100179,200,-0.4826863468334308,2.3596623455605283,4.905739133671819,1.4695028093610394,2.1582766411342473,1.8474040395752105,26,8.4,0.4,3.0,2.5,0.005005998053213905
V,M15,ok,equity,bars,14318,21,30854,200,1.694457546559233,2.2963538125779888,7.82502296484506,0.8255044616964782,1.9841046825759188,0.33276222924454046,10,8.4,0.4,3.0,2.5,0.011975315359229381
V,M30,ok,equity,bars,8029,16,16472,200,2.931647654749029,2.447591469048944,7.916474425386984,0.7721679452192629,1.8773488818171375,1.217486297945197,35,8.4,0.4,3.0,2.5,0.013398436754587911
margin_leverage,H1,no_data,index,,,,,,,,,,,,,,,,,
margin_leverage,H4,no_data,index,,,,,,,,,,,,,,,,,
margin_leverage,M1,no_data,index,,,,,,,,,,,,,,,,,
margin_leverage,M15,no_data,index,,,,,,,,,,,,,,,,,
margin_leverage,M30,no_data,index,,,,,,,,,,,,,,,,,
