symbol,status,gpu,timeframe,best_ev,trials,rows,device_used,cluster,calmar_score,fee_bps,spread_bps,slippage_bps,best_num_boost_round,best_max_depth,best_gamma,best_subsample,best_colsample_bytree,best_reg_alpha,best_reg_lambda,best_min_child_weight,best_eta,best_colsample_bylevel,timeframe_run
AAPL,killed_negative_ev,0,M15,-0.00024392594982994317,200,6442,cuda,equity,-0.00024392594982994317,0.4,4.245710867090478,2.5,,,,,,,,,,,M15
AAVUSD,killed_negative_ev,0,M15,-0.001302601813056274,200,13421,cuda,crypto,-0.001302601813056274,6.5,0.6320113762041969,8.0,,,,,,,,,,,M15
ADAUSD,killed_negative_ev,0,M15,-0.005109745566025446,200,33703,cuda,crypto,-0.005109745566025446,6.5,39.25104757863509,8.0,,,,,,,,,,,M15
AIRF,killed_negative_ev,0,M15,-0.004583010175567519,200,8791,cuda,equity,-0.004583010175567519,0.4,50.82592121982216,2.5,,,,,,,,,,,M15
ALGUSD,killed_negative_ev,0,M15,-0.0027899832988603156,200,13520,cuda,crypto,-0.0027899832988603156,6.5,15.548069448043261,8.0,,,,,,,,,,,M15
ALVG,killed_negative_ev,0,M15,-0.0006297102581354613,200,8943,cuda,equity,-0.0006297102581354613,0.4,4.975981320931483,2.5,,,,,,,,,,,M15
AMZN,ok,0,M15,0.0008698173285667524,800,6394,cuda,equity,0.0008698173285667524,0.4,4.884872438218071,2.5,1436,3,0.002289368437766826,0.4001935370469422,0.929854928912267,0.00017350453733535828,0.00037547400875169917,0.5067289793369653,0.2984823785357605,0.6273565594049586,M15
AUDNZD,killed_negative_ev,0,M15,-0.0013399380290708112,200,25177,cuda,forex,-0.0013399380290708112,3.0,1.0823486966708575,5.0,,,,,,,,,,,M15
AUD_CAD,killed_negative_ev,0,M15,-0.00037907783844590766,200,24916,cuda,forex,-0.00037907783844590766,0.5,1.2668067831751302,1.5,,,,,,,,,,,M15
AUD_CHF,killed_negative_ev,0,M15,-0.00038056808539285497,200,25220,cuda,forex,-0.00038056808539285497,0.5,1.600697192555593,1.5,,,,,,,,,,,M15
AUD_JPY,killed_negative_ev,0,M15,-0.00031568161937472946,200,25185,cuda,forex,-0.00031568161937472946,0.5,1.235152438396819,1.5,,,,,,,,,,,M15
AUD_NZD,killed_negative_ev,0,M15,-0.0003899380290708114,200,25177,cuda,forex,-0.0003899380290708114,0.5,1.0823486966708575,1.5,,,,,,,,,,,M15
AUD_USD,killed_negative_ev,0,M15,-0.00028401838303804326,200,25096,cuda,forex,-0.00028401838303804326,0.5,0.640717603716803,1.5,,,,,,,,,,,M15
AUS200.cash,killed_negative_ev,0,M15,-0.0002768024169882322,200,22660,cuda,index,-0.0002768024169882322,0.0,1.5653974905465313,1.5,,,,,,,,,,,M15
AVAUSD,killed_negative_ev,0,M15,-0.002276592847545531,200,13335,cuda,crypto,-0.002276592847545531,6.5,9.892827699917936,8.0,,,,,,,,,,,M15
BABA,ok,0,M15,0.00016986360799647104,800,6288,cuda,equity,0.00016986360799647104,0.4,7.91870133298169,2.5,1900,2,0.001953146664495908,0.4204280801019121,0.35479607015359327,0.000016474659008098697,0.005978882165074191,0.3006008895457539,0.18766400732613236,0.9451423239837551,M15
BAC,killed_negative_ev,0,M15,-0.001755870407574866,200,6584,cuda,equity,-0.001755870407574866,0.4,18.96094046264722,2.5,,,,,,,,,,,M15
BARUSD,killed_negative_ev,0,M15,-0.001725263090696638,200,13456,cuda,crypto,-0.001725263090696638,6.5,4.890573419733265,8.0,,,,,,,,,,,M15
BAYGn,killed_negative_ev,0,M15,-0.001242120979298939,200,8634,cuda,equity,-0.001242120979298939,0.4,14.886490509861982,2.5,,,,,,,,,,,M15
BCHUSD,killed_negative_ev,0,M15,-0.0030184861881635185,200,32991,cuda,crypto,-0.0030184861881635185,6.5,17.049580601366117,8.0,,,,,,,,,,,M15
BNBUSD,killed_negative_ev,0,M15,-0.0016642965316556312,200,13391,cuda,crypto,-0.0016642965316556312,6.5,0.2932236025519174,8.0,,,,,,,,,,,M15
BTCUSD,killed_negative_ev,0,M15,-0.0017521046855140878,200,33467,cuda,crypto,-0.0017521046855140878,6.5,0.36974192536747785,8.0,,,,,,,,,,,M15
CADCHF,killed_negative_ev,0,M15,-0.001390641854901259,200,24806,cuda,index,-0.001390641854901259,3.0,1.9439809489868458,5.0,,,,,,,,,,,M15
CAD_CHF,killed_negative_ev,0,M15,-0.0004406418549012591,200,24806,cuda,index,-0.0004406418549012591,0.5,1.9439809489868458,1.5,,,,,,,,,,,M15
CAD_JPY,killed_negative_ev,0,M15,-0.00035043348792023984,200,25301,cuda,forex,-0.00035043348792023984,0.5,1.3967846018466021,1.5,,,,,,,,,,,M15
CHF_JPY,killed_negative_ev,0,M15,-0.00035078639006830227,200,25111,cuda,forex,-0.00035078639006830227,0.5,1.129288696712014,1.5,,,,,,,,,,,M15
COCOA.c,killed_negative_ev,0,M15,-0.00144279007988651,200,9023,cuda,commodity,-0.00144279007988651,0.0,19.182529142687837,4.0,,,,,,,,,,,M15
COFFEE.c,killed_negative_ev,0,M15,-0.0007870429584443174,200,9830,cuda,commodity,-0.0007870429584443174,0.0,8.618367896579402,4.0,,,,,,,,,,,M15
CORN.c,killed_negative_ev,0,M15,-0.0025452315928098275,200,17806,cuda,commodity,-0.0025452315928098275,0.0,20.381673657222915,4.0,,,,,,,,,,,M15
COTTON.c,killed_negative_ev,0,M15,-0.006806323107620546,200,7911,cuda,commodity,-0.006806323107620546,0.0,62.36215681800845,4.0,,,,,,,,,,,M15
DASHUSD,killed_negative_ev,0,M15,-0.001969449147953269,200,33950,cuda,crypto,-0.001969449147953269,6.5,9.131030284581959,8.0,,,,,,,,,,,M15
DBKGn,killed_negative_ev,0,M15,-0.000877715098988016,200,8722,cuda,equity,-0.000877715098988016,0.4,10.480349344978563,2.5,,,,,,,,,,,M15
DOGEUSD,killed_negative_ev,0,M15,-0.0036568777769546913,200,33281,cuda,crypto,-0.0036568777769546913,6.5,25.193029928387073,8.0,,,,,,,,,,,M15
DOTUSD,killed_negative_ev,0,M15,-0.00476854692061143,200,33988,cuda,crypto,-0.00476854692061143,6.5,35.26093088857627,8.0,,,,,,,,,,,M15
DXY.cash,killed_negative_ev,0,M15,-0.0007876255022377739,200,12344,cuda,forex,-0.0007876255022377739,0.13999999999999999,2.7395453369373723,3.0,,,,,,,,,,,M15
ETCUSD,killed_negative_ev,0,M15,-0.0017970414769833832,200,13151,cuda,crypto,-0.0017970414769833832,6.5,3.954913980620486,8.0,,,,,,,,,,,M15
ETHUSD,killed_negative_ev,0,M15,-0.0027059890320647825,200,33081,cuda,crypto,-0.0027059890320647825,6.5,12.383220370031541,8.0,,,,,,,,,,,M15
EU50.cash,killed_negative_ev,0,M15,-0.00036426119452529534,200,18571,cuda,index,-0.00036426119452529534,0.0,3.062474479379339,1.5,,,,,,,,,,,M15
EUR_AUD,killed_negative_ev,0,M15,-0.0003418421893636261,200,24942,cuda,forex,-0.0003418421893636261,0.5,0.9578894877276074,1.5,,,,,,,,,,,M15
EUR_CAD,killed_negative_ev,0,M15,-0.00036859929508297514,200,24710,cuda,forex,-0.00036859929508297514,0.5,1.0203491634828765,1.5,,,,,,,,,,,M15
EUR_CHF,killed_negative_ev,0,M15,-0.00036706428114961206,200,24354,cuda,forex,-0.00036706428114961206,0.5,0.9617491010321119,1.5,,,,,,,,,,,M15
EUR_CZK,killed_negative_ev,0,M15,-0.0012678509022623341,200,22572,cuda,forex,-0.0012678509022623341,0.5,6.709345559251877,3.0,,,,,,,,,,,M15
EUR_GBP,killed_negative_ev,0,M15,-0.000366217180375057,200,24464,cuda,forex,-0.000366217180375057,0.5,0.8214950035502021,1.5,,,,,,,,,,,M15
EUR_HUF,killed_negative_ev,0,M15,-0.0011242937123307503,200,22794,cuda,forex,-0.0011242937123307503,0.5,5.593052521785947,3.0,,,,,,,,,,,M15
EUR_JPY,killed_negative_ev,0,M15,-0.0003104898804566439,200,24961,cuda,forex,-0.0003104898804566439,0.5,0.8469814991000176,1.5,,,,,,,,,,,M15
EUR_NOK,killed_negative_ev,0,M15,-0.0010023666319753336,200,23771,cuda,forex,-0.0010023666319753336,0.5,4.599265323348458,3.0,,,,,,,,,,,M15
EUR_NZD,killed_negative_ev,0,M15,-0.00036884047549676067,200,25106,cuda,forex,-0.00036884047549676067,0.5,1.2002228985385486,1.5,,,,,,,,,,,M15
EUR_PLN,killed_negative_ev,0,M15,-0.001132108173668654,200,23386,cuda,forex,-0.001132108173668654,0.5,5.505218488358151,3.0,,,,,,,,,,,M15
EUR_USD,killed_negative_ev,0,M15,-0.0002805058282891731,200,25070,cuda,forex,-0.0002805058282891731,0.5,0.27465107869187805,1.5,,,,,,,,,,,M15
FETUSD,killed_negative_ev,0,M15,-0.0012747623050323948,200,13248,cuda,crypto,-0.0012747623050323948,6.5,2.9027576197400435,8.0,,,,,,,,,,,M15
FRA40.cash,killed_negative_ev,0,M15,-0.0002585394333218396,200,18373,cuda,index,-0.0002585394333218396,0.0,1.9992239037647894,1.5,,,,,,,,,,,M15
GALUSD,killed_negative_ev,0,M15,-0.0019783661963417233,200,13325,cuda,crypto,-0.0019783661963417233,6.5,8.729812309035,8.0,,,,,,,,,,,M15
GBPJPY,killed_negative_ev,0,M15,-0.0012640304334945367,200,25222,cuda,forex,-0.0012640304334945367,3.0,0.9527086034880081,5.0,,,,,,,,,,,M15
GBP_AUD,killed_negative_ev,0,M15,-0.000361872694096447,200,25024,cuda,forex,-0.000361872694096447,0.5,1.1241474197159549,1.5,,,,,,,,,,,M15
GBP_CAD,killed_negative_ev,0,M15,-0.00036340947095336114,200,24841,cuda,forex,-0.00036340947095336114,0.5,0.9585484193831207,1.5,,,,,,,,,,,M15
GBP_CHF,killed_negative_ev,0,M15,-0.0003804402558578873,200,24755,cuda,forex,-0.0003804402558578873,0.5,1.2674615461222827,1.5,,,,,,,,,,,M15
GBP_JPY,killed_negative_ev,0,M15,-0.00031403043349453657,200,25222,cuda,forex,-0.00031403043349453657,0.5,0.9527086034880081,1.5,,,,,,,,,,,M15
GBP_NZD,killed_negative_ev,0,M15,-0.00035297883673073986,200,25258,cuda,forex,-0.00035297883673073986,0.5,1.023438977451746,1.5,,,,,,,,,,,M15
GBP_USD,killed_negative_ev,0,M15,-0.00030636056114027036,200,25020,cuda,forex,-0.00030636056114027036,0.5,0.5334044539273007,1.5,,,,,,,,,,,M15
GER40.cash,killed_negative_ev,0,M15,-0.00015876103512919309,200,23117,cuda,index,-0.00015876103512919309,0.0,0.6510143715328602,1.5,,,,,,,,,,,M15
GOOG,killed_negative_ev,0,M15,-0.0002115244394732905,200,6222,cuda,equity,-0.0002115244394732905,0.4,5.047045675762874,2.5,,,,,,,,,,,M15
GRTUSD,killed_negative_ev,0,M15,-0.0017129210391586948,200,13594,cuda,crypto,-0.0017129210391586948,6.5,4.847701381594136,8.0,,,,,,,,,,,M15
HEATOIL.c,killed_negative_ev,0,M15,-0.041224719819181646,200,13059,cuda,commodity,-0.041224719819181646,0.13999999999999999,410.4403267583174,3.0,,,,,,,,,,,M15
HK50.cash,killed_negative_ev,0,M15,-0.0001834686349380352,200,18057,cuda,index,-0.0001834686349380352,0.0,2.636512772439653,1.5,,,,,,,,,,,M15
IBE,killed_negative_ev,0,M15,-0.0030450157958188777,200,8771,cuda,equity,-0.0030450157958188777,0.4,29.090909090908468,2.5,,,,,,,,,,,M15
ICPUSD,killed_negative_ev,0,M15,-0.001633876129218659,200,13318,cuda,crypto,-0.001633876129218659,6.5,5.96006754743243,8.0,,,,,,,,,,,M15
IMXUSD,killed_negative_ev,0,M15,-0.0016626984390247456,200,13766,cuda,crypto,-0.0016626984390247456,6.5,6.926646810278381,8.0,,,,,,,,,,,M15
JP225.cash,killed_negative_ev,0,M15,-0.00012370130778397456,200,24469,cuda,index,-0.00012370130778397456,0.0,1.312811763171032,1.5,,,,,,,,,,,M15
LNKUSD,killed_negative_ev,0,M15,-0.0014520575618294992,200,13349,cuda,crypto,-0.0014520575618294992,6.5,1.9212911076243964,8.0,,,,,,,,,,,M15
LTCUSD,killed_negative_ev,0,M15,-0.004129358772432521,200,33711,cuda,crypto,-0.004129358772432521,6.5,27.939847152601153,8.0,,,,,,,,,,,M15
LVMH,killed_negative_ev,0,M15,-0.000060400412087144286,200,8717,cuda,equity,-0.000060400412087144286,0.4,2.429656764257795,2.5,,,,,,,,,,,M15
MANUSD,killed_negative_ev,0,M15,-0.0023863142628464803,200,13426,cuda,crypto,-0.0023863142628464803,6.5,11.930801352156172,8.0,,,,,,,,,,,M15
META,killed_negative_ev,0,M15,-0.00010458162752852774,200,6311,cuda,equity,-0.00010458162752852774,0.4,5.26092147062971,2.5,,,,,,,,,,,M15
MSFT,ok,0,M15,0.0000727170083408019,800,6495,cuda,equity,0.0000727170083408019,0.4,3.352490421456973,2.5,1415,8,0.0033306227783343307,0.6335114235045208,0.6972777332152559,0.0026627427896194216,0.0000735758135584889,0.35640759740628963,0.2785395471512885,0.42794200044860886,M15
N25.cash,killed_negative_ev,0,M15,-0.0014882982933952097,200,14395,cuda,index,-0.0014882982933952097,0.0,14.378888894635708,1.5,,,,,,,,,,,M15
NATGAS.cash,killed_negative_ev,0,M15,-0.010847355470177972,200,16295,cuda,commodity,-0.010847355470177972,0.13999999999999999,110.62260672244986,3.0,,,,,,,,,,,M15
NEOUSD,killed_negative_ev,0,M15,-0.025243105247183734,200,33464,cuda,crypto,-0.025243105247183734,6.5,240.9638554216865,8.0,,,,,,,,,,,M15
NERUSD,killed_negative_ev,0,M15,-0.004266013130787717,200,13541,cuda,crypto,-0.004266013130787717,6.5,31.41126318151275,8.0,,,,,,,,,,,M15
NFLX,killed_negative_ev,0,M15,-0.0008567022160016511,200,6473,cuda,equity,-0.0008567022160016511,0.4,11.373329542223242,2.5,,,,,,,,,,,M15
NVDA,ok,0,M15,0.00004188429049224794,800,6224,cuda,equity,0.00004188429049224794,0.4,5.568858940802714,2.5,1560,2,0.006304936496654734,0.8197579462865587,0.568265812739986,1.789748832907663,0.0000364434629629312,9.172695046208469,0.01562682929632555,0.969124128307409,M15
NZDUSD,killed_negative_ev,0,M15,-0.0013075460392314479,200,25551,cuda,forex,-0.0013075460392314479,3.0,1.3918853086500278,5.0,,,,,,,,,,,M15
NZD_CAD,killed_negative_ev,0,M15,-0.00042597842352624975,200,25126,cuda,forex,-0.00042597842352624975,0.5,1.7756627661272617,1.5,,,,,,,,,,,M15
NZD_CHF,killed_negative_ev,0,M15,-0.00048269489646511,200,25281,cuda,forex,-0.00048269489646511,0.5,2.559508574354254,1.5,,,,,,,,,,,M15
NZD_JPY,killed_negative_ev,0,M15,-0.00035424658898755476,200,25436,cuda,forex,-0.00035424658898755476,0.5,1.5361657303366172,1.5,,,,,,,,,,,M15
NZD_USD,killed_negative_ev,0,M15,-0.000357546039231448,200,25551,cuda,forex,-0.000357546039231448,0.5,1.3918853086500278,1.5,,,,,,,,,,,M15
PFE,killed_negative_ev,0,M15,-0.0012354586933384772,200,6547,cuda,equity,-0.0012354586933384772,0.4,13.932427725530877,2.5,,,,,,,,,,,M15
RACE,killed_negative_ev,0,M15,-0.0019030615872830208,200,6429,cuda,equity,-0.0019030615872830208,0.4,20.967017268988975,2.5,,,,,,,,,,,M15
SANUSD,killed_negative_ev,0,M15,-0.002320396926374943,200,13321,cuda,crypto,-0.002320396926374943,6.5,11.10083256244096,8.0,,,,,,,,,,,M15
SOLUSD,killed_negative_ev,0,M15,-0.0015458830907591837,200,13454,cuda,crypto,-0.0015458830907591837,6.5,1.7426156661144916,8.0,,,,,,,,,,,M15
SOYBEAN.c,killed_negative_ev,0,M15,-0.002406066311633493,200,18385,cuda,commodity,-0.002406066311633493,0.0,18.773244574786244,4.0,,,,,,,,,,,M15
SPN35.cash,killed_negative_ev,0,M15,-0.0004414631027420071,200,12053,cuda,index,-0.0004414631027420071,0.0,4.410105927352602,1.5,,,,,,,,,,,M15
SUGAR.c,killed_negative_ev,0,M15,-0.007973783960706715,200,4558,cuda,commodity,-0.007973783960706715,0.0,77.38304607808612,4.0,,,,,,,,,,,M15
T,killed_negative_ev,0,M15,-0.003332842783761674,200,6353,cuda,equity,-0.003332842783761674,0.4,34.10641200545751,2.5,,,,,,,,,,,M15
TSLA,ok,0,M15,0.0010363217061270925,800,6529,cuda,equity,0.0010363217061270925,0.4,5.459654757124338,2.5,1793,6,0.0263780380848671,0.542358894734265,0.5011053048652349,10.24714405874115,0.002583444625822394,0.6220855217689516,0.010926810987966542,0.3866402304593389,M15
UK100.cash,killed_negative_ev,0,M15,-0.0002553488843809463,200,23096,cuda,index,-0.0002553488843809463,0.0,1.2533385058405841,1.5,,,,,,,,,,,M15
UKOIL.cash,killed_negative_ev,0,M15,-0.00047066019590824766,200,22310,cuda,commodity,-0.00047066019590824766,0.0,2.6754063273354323,3.0,,,,,,,,,,,M15
UNIUSD,killed_negative_ev,0,M15,-0.0013921022848810164,200,13304,cuda,crypto,-0.0013921022848810164,6.5,2.9615492193031243,8.0,,,,,,,,,,,M15
US100.cash,killed_negative_ev,0,M15,-0.00011385513438813774,200,24369,cuda,index,-0.00011385513438813774,0.0,0.617091902983242,1.5,,,,,,,,,,,M15
US2000.cash,killed_negative_ev,0,M15,-0.00044705548671075744,200,24036,cuda,index,-0.00044705548671075744,0.0,4.292572719571975,1.5,,,,,,,,,,,M15
US30.cash,killed_negative_ev,0,M15,-0.00017352620591722535,200,23908,cuda,index,-0.00017352620591722535,0.0,0.4632369971955916,1.5,,,,,,,,,,,M15
US500.cash,killed_negative_ev,0,M15,-0.00022101098681358796,200,24503,cuda,index,-0.00022101098681358796,0.0,1.046691147608667,1.5,,,,,,,,,,,M15
USDCNH,killed_negative_ev,0,M15,-0.0013635935134986732,200,10819,cuda,forex,-0.0013635935134986732,3.0,0.9569105933477012,5.0,,,,,,,,,,,M15
USDZAR,killed_negative_ev,0,M15,-0.0016888964040667786,200,24092,cuda,forex,-0.0016888964040667786,3.0,5.542311514787658,5.0,,,,,,,,,,,M15
USD_CAD,killed_negative_ev,0,M15,-0.0003206527364699517,200,25234,cuda,forex,-0.0003206527364699517,0.5,0.44250724605577796,1.5,,,,,,,,,,,M15
USD_CHF,killed_negative_ev,0,M15,-0.0003177376205960238,200,25203,cuda,forex,-0.0003177376205960238,0.5,0.7569545196500347,1.5,,,,,,,,,,,M15
USD_CNH,killed_negative_ev,0,M15,-0.0007135935134986734,200,10819,cuda,forex,-0.0007135935134986734,0.5,0.9569105933477012,3.0,,,,,,,,,,,M15
USD_CZK,killed_negative_ev,0,M15,-0.0011654655622825567,200,24945,cuda,forex,-0.0011654655622825567,0.5,6.337305306378557,3.0,,,,,,,,,,,M15
USD_HKD,killed_negative_ev,0,M15,-0.0006911072449634042,200,23429,cuda,forex,-0.0006911072449634042,0.5,0.5248991009508555,3.0,,,,,,,,,,,M15
USD_HUF,killed_negative_ev,0,M15,-0.0010376723705055868,200,24566,cuda,forex,-0.0010376723705055868,0.5,5.306908725666221,3.0,,,,,,,,,,,M15
USD_ILS,killed_negative_ev,0,M15,-0.0011155015313082785,200,22920,cuda,forex,-0.0011155015313082785,0.5,6.289042516742918,3.0,,,,,,,,,,,M15
USD_JPY,killed_negative_ev,0,M15,-0.0002605440560282093,200,25172,cuda,forex,-0.0002605440560282093,0.5,0.464975705019745,1.5,,,,,,,,,,,M15
USD_MXN,killed_negative_ev,0,M15,-0.0007519029356019748,200,24289,cuda,forex,-0.0007519029356019748,0.5,2.5834465661268124,3.0,,,,,,,,,,,M15
USD_NOK,killed_negative_ev,0,M15,-0.000956385400134491,200,24723,cuda,forex,-0.000956385400134491,0.5,4.552249370418814,3.0,,,,,,,,,,,M15
USD_PLN,killed_negative_ev,0,M15,-0.0010191659549631297,200,25092,cuda,forex,-0.0010191659549631297,0.5,4.982873113502836,3.0,,,,,,,,,,,M15
USD_SEK,killed_negative_ev,0,M15,-0.0010232263377092377,200,24646,cuda,forex,-0.0010232263377092377,0.5,5.204350412098774,3.0,,,,,,,,,,,M15
USD_SGD,killed_negative_ev,0,M15,-0.0008159417202657241,200,11026,cuda,forex,-0.0008159417202657241,0.5,2.2344704305093774,3.0,,,,,,,,,,,M15
USD_ZAR,killed_negative_ev,0,M15,-0.001038896404066779,200,24092,cuda,forex,-0.001038896404066779,0.5,5.542311514787658,3.0,,,,,,,,,,,M15
USOIL.cash,killed_negative_ev,0,M15,-0.0005822450063178624,200,24427,cuda,commodity,-0.0005822450063178624,0.0,3.8984148542171044,3.0,,,,,,,,,,,M15
V,killed_negative_ev,0,M15,-0.0005158883074089333,200,6384,cuda,equity,-0.0005158883074089333,0.4,5.518594597909276,2.5,,,,,,,,,,,M15
VECUSD,killed_negative_ev,0,M15,-0.0021459786762082424,200,13513,cuda,crypto,-0.0021459786762082424,6.5,8.81445570736124,8.0,,,,,,,,,,,M15
VOWG_p,killed_negative_ev,0,M15,-0.002763958083027725,200,8878,cuda,equity,-0.002763958083027725,0.4,28.74198540791566,2.5,,,,,,,,,,,M15
WHEAT.c,killed_negative_ev,0,M15,-0.0024564986752216803,200,18178,cuda,commodity,-0.0024564986752216803,0.0,20.51097517092455,4.0,,,,,,,,,,,M15
WMT,killed_negative_ev,0,M15,-0.0009890148327511602,200,6698,cuda,equity,-0.0009890148327511602,0.4,10.290183165261217,2.5,,,,,,,,,,,M15
XAG_AUD,killed_negative_ev,0,M15,-0.0003958580757297726,200,23566,cuda,commodity,-0.0003958580757297726,0.13999999999999999,4.121826865349976,2.0,,,,,,,,,,,M15
XAG_EUR,killed_negative_ev,0,M15,-0.0004328741124765419,200,23770,cuda,commodity,-0.0004328741124765419,0.13999999999999999,4.552049844945301,2.0,,,,,,,,,,,M15
XAG_USD,killed_negative_ev,0,M15,-0.000502670177742066,200,23872,cuda,commodity,-0.000502670177742066,0.13999999999999999,5.362183985995067,2.0,,,,,,,,,,,M15
XAU_AUD,killed_negative_ev,0,M15,-0.00027796742504412186,200,23895,cuda,commodity,-0.00027796742504412186,0.13999999999999999,0.9751875712335176,2.0,,,,,,,,,,,M15
XAU_EUR,killed_negative_ev,0,M15,-0.0003432263638133225,200,23833,cuda,commodity,-0.0003432263638133225,0.13999999999999999,1.5961437167796138,2.0,,,,,,,,,,,M15
XAU_USD,killed_negative_ev,0,M15,-0.00026080397010138615,200,23968,cuda,commodity,-0.00026080397010138615,0.13999999999999999,0.7966611047918627,2.0,,,,,,,,,,,M15
XCU_USD,killed_negative_ev,0,M15,-0.0008111600861555124,200,12602,cuda,commodity,-0.0008111600861555124,0.13999999999999999,8.34999670394857,2.0,,,,,,,,,,,M15
XLMUSD,killed_negative_ev,0,M15,-0.0016236715026080376,200,13505,cuda,crypto,-0.0016236715026080376,6.5,3.100294527979816,8.0,,,,,,,,,,,M15
XMRUSD,killed_negative_ev,0,M15,-0.011071074935583961,200,34342,cuda,crypto,-0.011071074935583961,6.5,97.69961808331063,8.0,,,,,,,,,,,M15
XPD_USD,killed_negative_ev,0,M15,-0.0044568264876767025,200,22977,cuda,commodity,-0.0044568264876767025,0.13999999999999999,46.62875319292502,2.0,,,,,,,,,,,M15
XPT_USD,killed_negative_ev,0,M15,-0.002529489122404823,200,23796,cuda,commodity,-0.002529489122404823,0.13999999999999999,25.863201643074046,2.0,,,,,,,,,,,M15
XRPUSD,killed_negative_ev,0,M15,-0.00541607096219157,200,33482,cuda,crypto,-0.00541607096219157,6.5,40.947645510383644,8.0,,,,,,,,,,,M15
XTZUSD,killed_negative_ev,0,M15,-0.006159875811525804,200,13260,cuda,crypto,-0.006159875811525804,6.5,48.979591836734734,8.0,,,,,,,,,,,M15
ZM,killed_negative_ev,0,M15,-0.0012762057711450056,200,6546,cuda,equity,-0.0012762057711450056,0.4,15.862363492159778,2.5,,,,,,,,,,,M15
AAPL,ok,0,M30,0.0010946241145796962,600,3397,cuda,equity,0.0010946241145796962,0.4,4.245710867090478,2.5,1391,5,0.005397326322264656,0.44927687367235825,0.787935459998525,0.007606806118003839,0.0004612761059197242,0.3570838383136768,0.26020842864489796,0.9462603019302918,M30
AAVUSD,killed_negative_ev,0,M30,-0.0009030853942784133,150,6724,cuda,crypto,-0.0009030853942784133,6.5,0.6320113762041969,8.0,,,,,,,,,,,M30
ADAUSD,killed_negative_ev,0,M30,-0.00462858107535762,150,17047,cuda,crypto,-0.00462858107535762,6.5,39.25104757863509,8.0,,,,,,,,,,,M30
AIRF,killed_negative_ev,0,M30,-0.0040599058366323805,150,4541,cuda,equity,-0.0040599058366323805,0.4,50.82592121982216,2.5,,,,,,,,,,,M30
ALGUSD,killed_negative_ev,0,M30,-0.002445014612613939,150,6740,cuda,crypto,-0.002445014612613939,6.5,15.548069448043261,8.0,,,,,,,,,,,M30
ALVG,killed_negative_ev,0,M30,-0.00035868286602626104,150,4575,cuda,equity,-0.00035868286602626104,0.4,4.975981320931483,2.5,,,,,,,,,,,M30
AMZN,ok,0,M30,0.0014651584249618108,600,3381,cuda,equity,0.0014651584249618108,0.4,4.884872438218071,2.5,1532,6,0.01212455477171915,0.4741590844137376,0.7239655211640897,0.014131757259055425,0.00008508878320675753,1.5589591971667345,0.25301593600419436,0.9581677016611286,M30
AUDNZD,killed_negative_ev,0,M30,-0.001310498771994065,150,12847,cuda,forex,-0.001310498771994065,3.0,1.0823486966708575,5.0,,,,,,,,,,,M30
AUD_CAD,killed_negative_ev,0,M30,-0.0003349660882119615,150,12653,cuda,forex,-0.0003349660882119615,0.5,1.2668067831751302,1.5,,,,,,,,,,,M30
AUD_CHF,killed_negative_ev,0,M30,-0.0003210727816922004,150,12633,cuda,forex,-0.0003210727816922004,0.5,1.600697192555593,1.5,,,,,,,,,,,M30
AUD_JPY,killed_negative_ev,0,M30,-0.00023897116197756205,150,12531,cuda,forex,-0.00023897116197756205,0.5,1.235152438396819,1.5,,,,,,,,,,,M30
AUD_NZD,killed_negative_ev,0,M30,-0.00036049877199406514,150,12847,cuda,forex,-0.00036049877199406514,0.5,1.0823486966708575,1.5,,,,,,,,,,,M30
AUD_USD,killed_negative_ev,0,M30,-0.00022510721672995554,150,12642,cuda,forex,-0.00022510721672995554,0.5,0.640717603716803,1.5,,,,,,,,,,,M30
AUS200.cash,killed_negative_ev,0,M30,-0.00019621059708086692,150,11624,cuda,index,-0.00019621059708086692,0.0,1.5653974905465313,1.5,,,,,,,,,,,M30
AVAUSD,killed_negative_ev,0,M30,-0.0018968674677202033,150,6689,cuda,crypto,-0.0018968674677202033,6.5,9.892827699917936,8.0,,,,,,,,,,,M30
BABA,ok,0,M30,0.0007700835965930355,600,3439,cuda,equity,0.0007700835965930355,0.4,7.91870133298169,2.5,356,5,0.004453036643031027,0.6073634588785807,0.36678128065897414,3.6283116925049708,0.02404524474106435,0.4022691395200646,0.08300537454096726,0.5790601466660985,M30
BAC,killed_negative_ev,0,M30,-0.0016344329609299369,150,3404,cuda,equity,-0.0016344329609299369,0.4,18.96094046264722,2.5,,,,,,,,,,,M30
BARUSD,killed_negative_ev,0,M30,-0.0013867060936299713,150,6836,cuda,crypto,-0.0013867060936299713,6.5,4.890573419733265,8.0,,,,,,,,,,,M30
BAYGn,killed_negative_ev,0,M30,-0.00013172045460703254,150,4320,cuda,equity,-0.00013172045460703254,0.4,14.886490509861982,2.5,,,,,,,,,,,M30
BCHUSD,killed_negative_ev,0,M30,-0.0026374521863242947,150,16804,cuda,crypto,-0.0026374521863242947,6.5,17.049580601366117,8.0,,,,,,,,,,,M30
BNBUSD,killed_negative_ev,0,M30,-0.001369243494790684,150,6757,cuda,crypto,-0.001369243494790684,6.5,0.2932236025519174,8.0,,,,,,,,,,,M30
BTCUSD,killed_negative_ev,0,M30,-0.0015221803550593133,150,16780,cuda,crypto,-0.0015221803550593133,6.5,0.36974192536747785,8.0,,,,,,,,,,,M30
CADCHF,killed_negative_ev,0,M30,-0.0013417917280209926,150,12349,cuda,index,-0.0013417917280209926,3.0,1.9439809489868458,5.0,,,,,,,,,,,M30
CAD_CHF,killed_negative_ev,0,M30,-0.00039179172802099234,150,12349,cuda,index,-0.00039179172802099234,0.5,1.9439809489868458,1.5,,,,,,,,,,,M30
CAD_JPY,killed_negative_ev,0,M30,-0.0002806142188574378,150,12541,cuda,forex,-0.0002806142188574378,0.5,1.3967846018466021,1.5,,,,,,,,,,,M30
CHF_JPY,killed_negative_ev,0,M30,-0.00030165930316628143,150,12772,cuda,forex,-0.00030165930316628143,0.5,1.129288696712014,1.5,,,,,,,,,,,M30
COCOA.c,killed_negative_ev,0,M30,-0.0010230497979918797,150,4668,cuda,commodity,-0.0010230497979918797,0.0,19.182529142687837,4.0,,,,,,,,,,,M30
COFFEE.c,killed_negative_ev,0,M30,-0.00039672639037637806,150,5015,cuda,commodity,-0.00039672639037637806,0.0,8.618367896579402,4.0,,,,,,,,,,,M30
CORN.c,killed_negative_ev,0,M30,-0.0024303357573853034,150,9078,cuda,commodity,-0.0024303357573853034,0.0,20.381673657222915,4.0,,,,,,,,,,,M30
COTTON.c,killed_negative_ev,0,M30,-0.006693978634967705,150,3953,cuda,commodity,-0.006693978634967705,0.0,62.36215681800845,4.0,,,,,,,,,,,M30
DASHUSD,killed_negative_ev,0,M30,-0.0014225924290557565,150,17069,cuda,crypto,-0.0014225924290557565,6.5,9.131030284581959,8.0,,,,,,,,,,,M30
DBKGn,killed_negative_ev,0,M30,-0.00047032730538221153,150,4399,cuda,equity,-0.00047032730538221153,0.4,10.480349344978563,2.5,,,,,,,,,,,M30
DOGEUSD,killed_negative_ev,0,M30,-0.003188626098817593,150,16900,cuda,crypto,-0.003188626098817593,6.5,25.193029928387073,8.0,,,,,,,,,,,M30
DOTUSD,killed_negative_ev,0,M30,-0.004329430196186247,150,17046,cuda,crypto,-0.004329430196186247,6.5,35.26093088857627,8.0,,,,,,,,,,,M30
DXY.cash,killed_negative_ev,0,M30,-0.0007635203508156138,150,6173,cuda,forex,-0.0007635203508156138,0.13999999999999999,2.7395453369373723,3.0,,,,,,,,,,,M30
ETCUSD,killed_negative_ev,0,M30,-0.0014814304292650618,150,6781,cuda,crypto,-0.0014814304292650618,6.5,3.954913980620486,8.0,,,,,,,,,,,M30
ETHUSD,killed_negative_ev,0,M30,-0.0023534281231148034,150,16658,cuda,crypto,-0.0023534281231148034,6.5,12.383220370031541,8.0,,,,,,,,,,,M30
EU50.cash,killed_negative_ev,0,M30,-0.00023543663604118999,150,9415,cuda,index,-0.00023543663604118999,0.0,3.062474479379339,1.5,,,,,,,,,,,M30
EUR_AUD,killed_negative_ev,0,M30,-0.00029313180685868444,150,12503,cuda,forex,-0.00029313180685868444,0.5,0.9578894877276074,1.5,,,,,,,,,,,M30
EUR_CAD,killed_negative_ev,0,M30,-0.0003280881546236291,150,12414,cuda,forex,-0.0003280881546236291,0.5,1.0203491634828765,1.5,,,,,,,,,,,M30
EUR_CHF,killed_negative_ev,0,M30,-0.00033450881958410573,150,12323,cuda,forex,-0.00033450881958410573,0.5,0.9617491010321119,1.5,,,,,,,,,,,M30
EUR_CZK,killed_negative_ev,0,M30,-0.0012491340158856683,150,10800,cuda,forex,-0.0012491340158856683,0.5,6.709345559251877,3.0,,,,,,,,,,,M30
EUR_GBP,killed_negative_ev,0,M30,-0.00033372953550183136,150,11959,cuda,forex,-0.00033372953550183136,0.5,0.8214950035502021,1.5,,,,,,,,,,,M30
EUR_HUF,killed_negative_ev,0,M30,-0.0010921262407735124,150,10972,cuda,forex,-0.0010921262407735124,0.5,5.593052521785947,3.0,,,,,,,,,,,M30
EUR_JPY,killed_negative_ev,0,M30,-0.0002530771979005796,150,12559,cuda,forex,-0.0002530771979005796,0.5,0.8469814991000176,1.5,,,,,,,,,,,M30
EUR_NOK,killed_negative_ev,0,M30,-0.0009550720297132736,150,11835,cuda,forex,-0.0009550720297132736,0.5,4.599265323348458,3.0,,,,,,,,,,,M30
EUR_NZD,killed_negative_ev,0,M30,-0.000323657765299709,150,12698,cuda,forex,-0.000323657765299709,0.5,1.2002228985385486,1.5,,,,,,,,,,,M30
EUR_PLN,killed_negative_ev,0,M30,-0.0011045262696899173,150,11394,cuda,forex,-0.0011045262696899173,0.5,5.505218488358151,3.0,,,,,,,,,,,M30
EUR_USD,killed_negative_ev,0,M30,-0.00023324454098830484,150,12593,cuda,forex,-0.00023324454098830484,0.5,0.27465107869187805,1.5,,,,,,,,,,,M30
FETUSD,killed_negative_ev,0,M30,-0.0007803480116414525,150,6727,cuda,crypto,-0.0007803480116414525,6.5,2.9027576197400435,8.0,,,,,,,,,,,M30
FRA40.cash,killed_negative_ev,0,M30,-0.0001276245894660891,150,9391,cuda,index,-0.0001276245894660891,0.0,1.9992239037647894,1.5,,,,,,,,,,,M30
GALUSD,killed_negative_ev,0,M30,-0.0015632167710512024,150,6887,cuda,crypto,-0.0015632167710512024,6.5,8.729812309035,8.0,,,,,,,,,,,M30
GBPJPY,killed_negative_ev,0,M30,-0.0012020189066570678,150,12569,cuda,forex,-0.0012020189066570678,3.0,0.9527086034880081,5.0,,,,,,,,,,,M30
GBP_AUD,killed_negative_ev,0,M30,-0.0003180834985396365,150,12526,cuda,forex,-0.0003180834985396365,0.5,1.1241474197159549,1.5,,,,,,,,,,,M30
GBP_CAD,killed_negative_ev,0,M30,-0.0003244145838694343,150,12306,cuda,forex,-0.0003244145838694343,0.5,0.9585484193831207,1.5,,,,,,,,,,,M30
GBP_CHF,killed_negative_ev,0,M30,-0.00033682752368190106,150,12369,cuda,forex,-0.00033682752368190106,0.5,1.2674615461222827,1.5,,,,,,,,,,,M30
GBP_JPY,killed_negative_ev,0,M30,-0.0002520189066570676,150,12569,cuda,forex,-0.0002520189066570676,0.5,0.9527086034880081,1.5,,,,,,,,,,,M30
GBP_NZD,killed_negative_ev,0,M30,-0.0003101124759661615,150,12750,cuda,forex,-0.0003101124759661615,0.5,1.023438977451746,1.5,,,,,,,,,,,M30
GBP_USD,killed_negative_ev,0,M30,-0.0002612913120597067,150,12488,cuda,forex,-0.0002612913120597067,0.5,0.5334044539273007,1.5,,,,,,,,,,,M30
GER40.cash,killed_negative_ev,0,M30,-0.00005548918446342829,150,11762,cuda,index,-0.00005548918446342829,0.0,0.6510143715328602,1.5,,,,,,,,,,,M30
GOOG,ok,0,M30,0.00010580230634873746,600,3389,cuda,equity,0.00010580230634873746,0.4,5.047045675762874,2.5,120,7,0.02228500956695404,0.8928758142415919,0.46316506185658035,0.01231507683965052,2.7493205474857967,27.655017421293973,0.0059859592692348695,0.4655616582439267,M30
GRTUSD,killed_negative_ev,0,M30,-0.0013193280799870678,150,6970,cuda,crypto,-0.0013193280799870678,6.5,4.847701381594136,8.0,,,,,,,,,,,M30
HEATOIL.c,killed_negative_ev,0,M30,-0.04104116295064445,150,6559,cuda,commodity,-0.04104116295064445,0.13999999999999999,410.4403267583174,3.0,,,,,,,,,,,M30
HK50.cash,ok,0,M30,1.9877131030630746e-6,600,9296,cuda,index,1.9877131030630746e-6,0.0,2.636512772439653,1.5,323,5,2.4107136837775442,0.8931818774921945,0.926402180019468,0.004888829731589985,0.02709021131279511,2.4245680159838945,0.16485977580318795,0.9205897163420337,M30
IBE,killed_negative_ev,0,M30,-0.0028436029776873054,150,4564,cuda,equity,-0.0028436029776873054,0.4,29.090909090908468,2.5,,,,,,,,,,,M30
ICPUSD,killed_negative_ev,0,M30,-0.0010795994084443657,150,6852,cuda,crypto,-0.0010795994084443657,6.5,5.96006754743243,8.0,,,,,,,,,,,M30
IMXUSD,killed_negative_ev,0,M30,-0.0011361892275406394,150,6905,cuda,crypto,-0.0011361892275406394,6.5,6.926646810278381,8.0,,,,,,,,,,,M30
JP225.cash,ok,0,M30,2.954132537045799e-6,600,12167,cuda,index,2.954132537045799e-6,0.0,1.312811763171032,1.5,932,6,0.021958760033432934,0.8957880150037738,0.41408020145417,0.12223705955415812,0.00014912081393641003,4.441912218453049,0.020581144700232742,0.9637760859750397,M30
LNKUSD,killed_negative_ev,0,M30,-0.0010478856208433213,150,6850,cuda,crypto,-0.0010478856208433213,6.5,1.9212911076243964,8.0,,,,,,,,,,,M30
LTCUSD,killed_negative_ev,0,M30,-0.0037215339635489793,150,16895,cuda,crypto,-0.0037215339635489793,6.5,27.939847152601153,8.0,,,,,,,,,,,M30
LVMH,ok,0,M30,0.0019124034246819747,600,4450,cuda,equity,0.0019124034246819747,0.4,2.429656764257795,2.5,448,6,0.0059106670759288505,0.4301417660808733,0.7877286638653681,0.00021829920847838175,0.06502725105901325,1.0493548849345753,0.2423190354981362,0.7954796636823822,M30
MANUSD,killed_negative_ev,0,M30,-0.0019418945228541558,150,6843,cuda,crypto,-0.0019418945228541558,6.5,11.930801352156172,8.0,,,,,,,,,,,M30
META,ok,0,M30,0.001735019235883699,600,3312,cuda,equity,0.001735019235883699,0.4,5.26092147062971,2.5,841,5,0.0011943963431234295,0.8490898590648192,0.9365687758029229,0.00042120157074779387,0.000047456110636971265,1.0503898185619849,0.29800809531389716,0.653368615165611,M30
MSFT,ok,0,M30,0.0002850134138010021,600,3318,cuda,equity,0.0002850134138010021,0.4,3.352490421456973,2.5,1906,2,0.003590093118636514,0.8312860274158153,0.7486817676813458,0.000019958948448080515,0.013023509760613696,0.8728032453960363,0.2464195879252942,0.8391354474553929,M30
N25.cash,killed_negative_ev,0,M30,-0.001373102198045734,150,7366,cuda,index,-0.001373102198045734,0.0,14.378888894635708,1.5,,,,,,,,,,,M30
NATGAS.cash,killed_negative_ev,0,M30,-0.010544632326541063,150,8087,cuda,commodity,-0.010544632326541063,0.13999999999999999,110.62260672244986,3.0,,,,,,,,,,,M30
NEOUSD,killed_negative_ev,0,M30,-0.024819469003912603,150,16981,cuda,crypto,-0.024819469003912603,6.5,240.9638554216865,8.0,,,,,,,,,,,M30
NERUSD,killed_negative_ev,0,M30,-0.0037923756024906183,150,6885,cuda,crypto,-0.0037923756024906183,6.5,31.41126318151275,8.0,,,,,,,,,,,M30
NFLX,killed_negative_ev,0,M30,-0.0005830900667669331,150,3315,cuda,equity,-0.0005830900667669331,0.4,11.373329542223242,2.5,,,,,,,,,,,M30
NVDA,ok,0,M30,0.0021146377715106496,600,3310,cuda,equity,0.0021146377715106496,0.4,5.568858940802714,2.5,1358,5,0.014594906412436529,0.41425597484992754,0.9126964674002885,0.000044722158996372705,0.011810733940580034,3.2437671229901497,0.2468663436230708,0.7933863948105048,M30
NZDUSD,killed_negative_ev,0,M30,-0.0012467950813274135,150,12947,cuda,forex,-0.0012467950813274135,3.0,1.3918853086500278,5.0,,,,,,,,,,,M30
NZD_CAD,killed_negative_ev,0,M30,-0.0003781780396721617,150,12807,cuda,forex,-0.0003781780396721617,0.5,1.7756627661272617,1.5,,,,,,,,,,,M30
NZD_CHF,killed_negative_ev,0,M30,-0.00042667124199513096,150,12825,cuda,forex,-0.00042667124199513096,0.5,2.559508574354254,1.5,,,,,,,,,,,M30
NZD_JPY,killed_negative_ev,0,M30,-0.00028803094567624314,150,12798,cuda,forex,-0.00028803094567624314,0.5,1.5361657303366172,1.5,,,,,,,,,,,M30
NZD_USD,killed_negative_ev,0,M30,-0.0002967950813274135,150,12947,cuda,forex,-0.0002967950813274135,0.5,1.3918853086500278,1.5,,,,,,,,,,,M30
PFE,killed_negative_ev,0,M30,-0.000970677098447658,150,3414,cuda,equity,-0.000970677098447658,0.4,13.932427725530877,2.5,,,,,,,,,,,M30
RACE,killed_negative_ev,0,M30,-0.0016153960433038586,150,3430,cuda,equity,-0.0016153960433038586,0.4,20.967017268988975,2.5,,,,,,,,,,,M30
SANUSD,killed_negative_ev,0,M30,-0.0018949487483876826,150,6760,cuda,crypto,-0.0018949487483876826,6.5,11.10083256244096,8.0,,,,,,,,,,,M30
SOLUSD,killed_negative_ev,0,M30,-0.0011492287739044988,150,6797,cuda,crypto,-0.0011492287739044988,6.5,1.7426156661144916,8.0,,,,,,,,,,,M30
SOYBEAN.c,killed_negative_ev,0,M30,-0.002294243820713282,150,9297,cuda,commodity,-0.002294243820713282,0.0,18.773244574786244,4.0,,,,,,,,,,,M30
SPN35.cash,killed_negative_ev,0,M30,-0.0002970357796877713,150,6225,cuda,index,-0.0002970357796877713,0.0,4.410105927352602,1.5,,,,,,,,,,,M30
SUGAR.c,insufficient_rows,,,,,2255,,commodity,,,,,,,,,,,,,,,M30
T,killed_negative_ev,0,M30,-0.0030816112432251685,150,3382,cuda,equity,-0.0030816112432251685,0.4,34.10641200545751,2.5,,,,,,,,,,,M30
TSLA,ok,0,M30,0.00463135462306593,600,3378,cuda,equity,0.00463135462306593,0.4,5.459654757124338,2.5,714,6,0.008041717180638215,0.4350695249166205,0.7524475763472211,0.000021061046173380756,0.000015294375492960675,0.33017874893283916,0.2764673868464559,0.3572059438631344,M30
UK100.cash,killed_negative_ev,0,M30,-0.00018549968842436533,150,11491,cuda,index,-0.00018549968842436533,0.0,1.2533385058405841,1.5,,,,,,,,,,,M30
UKOIL.cash,killed_negative_ev,0,M30,-0.00027990952996753964,150,11243,cuda,commodity,-0.00027990952996753964,0.0,2.6754063273354323,3.0,,,,,,,,,,,M30
UNIUSD,killed_negative_ev,0,M30,-0.0009934825387026087,150,6654,cuda,crypto,-0.0009934825387026087,6.5,2.9615492193031243,8.0,,,,,,,,,,,M30
US100.cash,ok,0,M30,2.0922530605176505e-6,600,12157,cuda,index,2.0922530605176505e-6,0.0,0.617091902983242,1.5,1949,2,0.7176109659885802,0.934421353900555,0.8349577434421117,0.000013182396136622545,0.000013332346172971875,2.1058031624659734,0.1429581222127256,0.7852518664928793,M30
US2000.cash,killed_negative_ev,0,M30,-0.0003029221406307422,150,11787,cuda,index,-0.0003029221406307422,0.0,4.292572719571975,1.5,,,,,,,,,,,M30
US30.cash,killed_negative_ev,0,M30,-0.00007903200654125744,150,11750,cuda,index,-0.00007903200654125744,0.0,0.4632369971955916,1.5,,,,,,,,,,,M30
US500.cash,killed_negative_ev,0,M30,-0.00012413746009622535,150,12141,cuda,index,-0.00012413746009622535,0.0,1.046691147608667,1.5,,,,,,,,,,,M30
USDCNH,killed_negative_ev,0,M30,-0.0013513739595669596,150,5503,cuda,forex,-0.0013513739595669596,3.0,0.9569105933477012,5.0,,,,,,,,,,,M30
USDZAR,killed_negative_ev,0,M30,-0.0016245044381891015,150,12029,cuda,forex,-0.0016245044381891015,3.0,5.542311514787658,5.0,,,,,,,,,,,M30
USD_CAD,killed_negative_ev,0,M30,-0.00028744502738614413,150,12567,cuda,forex,-0.00028744502738614413,0.5,0.44250724605577796,1.5,,,,,,,,,,,M30
USD_CHF,killed_negative_ev,0,M30,-0.0002682285840335285,150,12660,cuda,forex,-0.0002682285840335285,0.5,0.7569545196500347,1.5,,,,,,,,,,,M30
USD_CNH,killed_negative_ev,0,M30,-0.0007013739595669595,150,5503,cuda,forex,-0.0007013739595669595,0.5,0.9569105933477012,3.0,,,,,,,,,,,M30
USD_CZK,killed_negative_ev,0,M30,-0.0011125234595922504,150,12357,cuda,forex,-0.0011125234595922504,0.5,6.337305306378557,3.0,,,,,,,,,,,M30
USD_HKD,killed_negative_ev,0,M30,-0.0006856976459020436,150,11665,cuda,forex,-0.0006856976459020436,0.5,0.5248991009508555,3.0,,,,,,,,,,,M30
USD_HUF,killed_negative_ev,0,M30,-0.0009752281662684729,150,12236,cuda,forex,-0.0009752281662684729,0.5,5.306908725666221,3.0,,,,,,,,,,,M30
USD_ILS,killed_negative_ev,0,M30,-0.0010453167585812695,150,11468,cuda,forex,-0.0010453167585812695,0.5,6.289042516742918,3.0,,,,,,,,,,,M30
USD_JPY,killed_negative_ev,0,M30,-0.00019377278530192097,150,12683,cuda,forex,-0.00019377278530192097,0.5,0.464975705019745,1.5,,,,,,,,,,,M30
USD_MXN,killed_negative_ev,0,M30,-0.0006927021805152422,150,12126,cuda,forex,-0.0006927021805152422,0.5,2.5834465661268124,3.0,,,,,,,,,,,M30
USD_NOK,killed_negative_ev,0,M30,-0.0008956816291283325,150,12251,cuda,forex,-0.0008956816291283325,0.5,4.552249370418814,3.0,,,,,,,,,,,M30
USD_PLN,killed_negative_ev,0,M30,-0.0009610159710559574,150,12539,cuda,forex,-0.0009610159710559574,0.5,4.982873113502836,3.0,,,,,,,,,,,M30
USD_SEK,killed_negative_ev,0,M30,-0.0009634472143252643,150,12383,cuda,forex,-0.0009634472143252643,0.5,5.204350412098774,3.0,,,,,,,,,,,M30
USD_SGD,killed_negative_ev,0,M30,-0.0008001098601161681,150,5545,cuda,forex,-0.0008001098601161681,0.5,2.2344704305093774,3.0,,,,,,,,,,,M30
USD_ZAR,killed_negative_ev,0,M30,-0.0009745044381891019,150,12029,cuda,forex,-0.0009745044381891019,0.5,5.542311514787658,3.0,,,,,,,,,,,M30
USOIL.cash,killed_negative_ev,0,M30,-0.00038886222707388033,150,12244,cuda,commodity,-0.00038886222707388033,0.0,3.8984148542171044,3.0,,,,,,,,,,,M30
V,killed_negative_ev,0,M30,-0.00033839344298067627,150,3295,cuda,equity,-0.00033839344298067627,0.4,5.518594597909276,2.5,,,,,,,,,,,M30
VECUSD,killed_negative_ev,0,M30,-0.0017789230907617828,150,6804,cuda,crypto,-0.0017789230907617828,6.5,8.81445570736124,8.0,,,,,,,,,,,M30
VOWG_p,killed_negative_ev,0,M30,-0.0024275222834481795,150,4473,cuda,equity,-0.0024275222834481795,0.4,28.74198540791566,2.5,,,,,,,,,,,M30
WHEAT.c,killed_negative_ev,0,M30,-0.0023131320285703226,150,9213,cuda,commodity,-0.0023131320285703226,0.0,20.51097517092455,4.0,,,,,,,,,,,M30
WMT,killed_negative_ev,0,M30,-0.0008180293760449787,150,3442,cuda,equity,-0.0008180293760449787,0.4,10.290183165261217,2.5,,,,,,,,,,,M30
XAG_AUD,killed_negative_ev,0,M30,-0.00024505862933935085,150,11885,cuda,commodity,-0.00024505862933935085,0.13999999999999999,4.121826865349976,2.0,,,,,,,,,,,M30
XAG_EUR,killed_negative_ev,0,M30,-0.00027029622495364176,150,11929,cuda,commodity,-0.00027029622495364176,0.13999999999999999,4.552049844945301,2.0,,,,,,,,,,,M30
XAG_USD,killed_negative_ev,0,M30,-0.000287614758027585,150,12077,cuda,commodity,-0.000287614758027585,0.13999999999999999,5.362183985995067,2.0,,,,,,,,,,,M30
XAU_AUD,killed_negative_ev,0,M30,-0.00015529584420974997,150,12007,cuda,commodity,-0.00015529584420974997,0.13999999999999999,0.9751875712335176,2.0,,,,,,,,,,,M30
XAU_EUR,killed_negative_ev,0,M30,-0.00023260214714076024,150,12084,cuda,commodity,-0.00023260214714076024,0.13999999999999999,1.5961437167796138,2.0,,,,,,,,,,,M30
XAU_USD,killed_negative_ev,0,M30,-0.00014782822829727388,150,12116,cuda,commodity,-0.00014782822829727388,0.13999999999999999,0.7966611047918627,2.0,,,,,,,,,,,M30
XCU_USD,killed_negative_ev,0,M30,-0.0006775082306122339,150,6349,cuda,commodity,-0.0006775082306122339,0.13999999999999999,8.34999670394857,2.0,,,,,,,,,,,M30
XLMUSD,killed_negative_ev,0,M30,-0.001334152209283103,150,6755,cuda,crypto,-0.001334152209283103,6.5,3.100294527979816,8.0,,,,,,,,,,,M30
XMRUSD,killed_negative_ev,0,M30,-0.010707979143438604,150,16712,cuda,crypto,-0.010707979143438604,6.5,97.69961808331063,8.0,,,,,,,,,,,M30
XPD_USD,killed_negative_ev,0,M30,-0.00422243282374604,150,11846,cuda,commodity,-0.00422243282374604,0.13999999999999999,46.62875319292502,2.0,,,,,,,,,,,M30
XPT_USD,killed_negative_ev,0,M30,-0.0022833039376302638,150,12013,cuda,commodity,-0.0022833039376302638,0.13999999999999999,25.863201643074046,2.0,,,,,,,,,,,M30
XRPUSD,killed_negative_ev,0,M30,-0.004985002793345058,150,16560,cuda,crypto,-0.004985002793345058,6.5,40.947645510383644,8.0,,,,,,,,,,,M30
XTZUSD,killed_negative_ev,0,M30,-0.005778410889221013,150,6750,cuda,crypto,-0.005778410889221013,6.5,48.979591836734734,8.0,,,,,,,,,,,M30
ZM,killed_negative_ev,0,M30,-0.0011202099643512669,150,3420,cuda,equity,-0.0011202099643512669,0.4,15.862363492159778,2.5,,,,,,,,,,,M30
AAPL,insufficient_rows,,,,,1846,,equity,,,,,,,,,,,,,,,H1
AAVUSD,ok,0,H1,0.0003524109155582905,600,3376,cuda,crypto,0.0003524109155582905,6.5,0.6320113762041969,8.0,1391,3,7.741432975399265,0.5676974032923926,0.8478885333668331,0.0010690147558115727,0.006723043473683644,1.8081531431239957,0.2967481991637997,0.8599130976047638,H1
ADAUSD,killed_negative_ev,0,H1,-0.0038721415583317493,150,8650,cuda,crypto,-0.0038721415583317493,6.5,39.25104757863509,8.0,,,,,,,,,,,H1
AIRF,insufficient_rows,,,,,2483,,equity,,,,,,,,,,,,,,,H1
ALGUSD,killed_negative_ev,0,H1,-0.001955115083472167,150,3417,cuda,crypto,-0.001955115083472167,6.5,15.548069448043261,8.0,,,,,,,,,,,H1
ALVG,insufficient_rows,,,,,2480,,equity,,,,,,,,,,,,,,,H1
AMZN,insufficient_rows,,,,,1862,,equity,,,,,,,,,,,,,,,H1
AUDNZD,killed_negative_ev,0,H1,-0.0012769373921126476,150,6448,cuda,forex,-0.0012769373921126476,3.0,1.0823486966708575,5.0,,,,,,,,,,,H1
AUD_CAD,killed_negative_ev,0,H1,-0.0002750435410128215,150,6300,cuda,forex,-0.0002750435410128215,0.5,1.2668067831751302,1.5,,,,,,,,,,,H1
AUD_CHF,killed_negative_ev,0,H1,-0.00023958325967126325,150,6357,cuda,forex,-0.00023958325967126325,0.5,1.600697192555593,1.5,,,,,,,,,,,H1
AUD_JPY,killed_negative_ev,0,H1,-0.00015155275933063472,150,6468,cuda,forex,-0.00015155275933063472,0.5,1.235152438396819,1.5,,,,,,,,,,,H1
AUD_NZD,killed_negative_ev,0,H1,-0.00032693739211264765,150,6448,cuda,forex,-0.00032693739211264765,0.5,1.0823486966708575,1.5,,,,,,,,,,,H1
AUD_USD,killed_negative_ev,0,H1,-0.0001360022702572515,150,6404,cuda,forex,-0.0001360022702572515,0.5,0.640717603716803,1.5,,,,,,,,,,,H1
AUS200.cash,killed_negative_ev,0,H1,-0.000058324446147751216,150,5883,cuda,index,-0.000058324446147751216,0.0,1.5653974905465313,1.5,,,,,,,,,,,H1
AVAUSD,killed_negative_ev,0,H1,-0.0014212499970394225,150,3397,cuda,crypto,-0.0014212499970394225,6.5,9.892827699917936,8.0,,,,,,,,,,,H1
BABA,insufficient_rows,,,,,1848,,equity,,,,,,,,,,,,,,,H1
BAC,insufficient_rows,,,,,1893,,equity,,,,,,,,,,,,,,,H1
BARUSD,killed_negative_ev,0,H1,-0.0007319791444078961,150,3446,cuda,crypto,-0.0007319791444078961,6.5,4.890573419733265,8.0,,,,,,,,,,,H1
BAYGn,insufficient_rows,,,,,2311,,equity,,,,,,,,,,,,,,,H1
BCHUSD,killed_negative_ev,0,H1,-0.002050065181376141,150,8463,cuda,crypto,-0.002050065181376141,6.5,17.049580601366117,8.0,,,,,,,,,,,H1
BNBUSD,killed_negative_ev,0,H1,-0.0011694758656769463,150,3349,cuda,crypto,-0.0011694758656769463,6.5,0.2932236025519174,8.0,,,,,,,,,,,H1
BTCUSD,killed_negative_ev,0,H1,-0.0011898327757574373,150,8351,cuda,crypto,-0.0011898327757574373,6.5,0.36974192536747785,8.0,,,,,,,,,,,H1
CADCHF,killed_negative_ev,0,H1,-0.0012750326734205103,150,6221,cuda,index,-0.0012750326734205103,3.0,1.9439809489868458,5.0,,,,,,,,,,,H1
CAD_CHF,killed_negative_ev,0,H1,-0.0003238687087922701,150,6221,cuda,index,-0.0003238687087922701,0.5,1.9439809489868458,1.5,,,,,,,,,,,H1
CAD_JPY,killed_negative_ev,0,H1,-0.00020545380857195922,150,6386,cuda,forex,-0.00020545380857195922,0.5,1.3967846018466021,1.5,,,,,,,,,,,H1
CHF_JPY,killed_negative_ev,0,H1,-0.00023906978718814636,150,6518,cuda,forex,-0.00023906978718814636,0.5,1.129288696712014,1.5,,,,,,,,,,,H1
COCOA.c,insufficient_rows,,,,,2552,,commodity,,,,,,,,,,,,,,,H1
COFFEE.c,insufficient_rows,,,,,2604,,commodity,,,,,,,,,,,,,,,H1
CORN.c,killed_negative_ev,0,H1,-0.00219415789020062,150,4896,cuda,commodity,-0.00219415789020062,0.0,20.381673657222915,4.0,,,,,,,,,,,H1
COTTON.c,insufficient_rows,,,,,2048,,commodity,,,,,,,,,,,,,,,H1
DASHUSD,killed_negative_ev,0,H1,-0.0005933894033081523,150,8572,cuda,crypto,-0.0005933894033081523,6.5,9.131030284581959,8.0,,,,,,,,,,,H1
DBKGn,insufficient_rows,,,,,2391,,equity,,,,,,,,,,,,,,,H1
DOGEUSD,killed_negative_ev,0,H1,-0.002432738172378443,150,8661,cuda,crypto,-0.002432738172378443,6.5,25.193029928387073,8.0,,,,,,,,,,,H1
DOTUSD,killed_negative_ev,0,H1,-0.003636120103689412,150,8594,cuda,crypto,-0.003636120103689412,6.5,35.26093088857627,8.0,,,,,,,,,,,H1
DXY.cash,insufficient_rows,,,,,3034,,forex,,,,,,,,,,,,,,,H1
ETCUSD,killed_negative_ev,0,H1,-0.0008740974274866224,150,3453,cuda,crypto,-0.0008740974274866224,6.5,3.954913980620486,8.0,,,,,,,,,,,H1
ETHUSD,killed_negative_ev,0,H1,-0.0017623696133801975,150,8336,cuda,crypto,-0.0017623696133801975,6.5,12.383220370031541,8.0,,,,,,,,,,,H1
EU50.cash,killed_negative_ev,0,H1,-0.00002665139828082802,150,4649,cuda,index,-0.00002665139828082802,0.0,3.062474479379339,1.5,,,,,,,,,,,H1
EUR_AUD,killed_negative_ev,0,H1,-0.00022130441816952263,150,6402,cuda,forex,-0.00022130441816952263,0.5,0.9578894877276074,1.5,,,,,,,,,,,H1
EUR_CAD,killed_negative_ev,0,H1,-0.00026661259385371675,150,6189,cuda,forex,-0.00026661259385371675,0.5,1.0203491634828765,1.5,,,,,,,,,,,H1
EUR_CHF,killed_negative_ev,0,H1,-0.0002875576423480621,150,6089,cuda,forex,-0.0002875576423480621,0.5,0.9617491010321119,1.5,,,,,,,,,,,H1
EUR_CZK,killed_negative_ev,0,H1,-0.0012229417860541256,150,5518,cuda,forex,-0.0012229417860541256,0.5,6.709345559251877,3.0,,,,,,,,,,,H1
EUR_GBP,killed_negative_ev,0,H1,-0.00028168885511412604,150,5948,cuda,forex,-0.00028168885511412604,0.5,0.8214950035502021,1.5,,,,,,,,,,,H1
EUR_HUF,killed_negative_ev,0,H1,-0.001048801675248261,150,5575,cuda,forex,-0.001048801675248261,0.5,5.593052521785947,3.0,,,,,,,,,,,H1
EUR_JPY,killed_negative_ev,0,H1,-0.00018851420200586403,150,6463,cuda,forex,-0.00018851420200586403,0.5,0.8469814991000176,1.5,,,,,,,,,,,H1
EUR_NOK,killed_negative_ev,0,H1,-0.0009004059712374146,150,6117,cuda,forex,-0.0009004059712374146,0.5,4.599265323348458,3.0,,,,,,,,,,,H1
EUR_NZD,killed_negative_ev,0,H1,-0.00025597491235910007,150,6549,cuda,forex,-0.00025597491235910007,0.5,1.2002228985385486,1.5,,,,,,,,,,,H1
EUR_PLN,killed_negative_ev,0,H1,-0.0010676943983034574,150,5664,cuda,forex,-0.0010676943983034574,0.5,5.505218488358151,3.0,,,,,,,,,,,H1
EUR_USD,killed_negative_ev,0,H1,-0.0001557901037653528,150,6189,cuda,forex,-0.0001557901037653528,0.5,0.27465107869187805,1.5,,,,,,,,,,,H1
FETUSD,ok,0,H1,0.0011548226778546806,600,3411,cuda,crypto,0.0011548226778546806,6.5,2.9027576197400435,8.0,547,3,0.055147997518192174,0.54312951845538,0.5857789355332976,0.004631456996323915,0.01887819715526188,17.485307645739073,0.13287020385144524,0.8926646369629125,H1
FRA40.cash,ok,0,H1,0.0002482298317951546,600,4677,cuda,index,0.0002482298317951546,0.0,1.9992239037647894,1.5,223,6,0.0022750898126789225,0.683300636180807,0.4338356660036729,0.00046147821057351,0.2664268280518519,0.48507185218426047,0.27771306100437204,0.7026041201736652,H1
GALUSD,killed_negative_ev,0,H1,-0.0006488620448560651,150,3499,cuda,crypto,-0.0006488620448560651,6.5,8.729812309035,8.0,,,,,,,,,,,H1
GBPJPY,killed_negative_ev,0,H1,-0.0011347848784582612,150,6313,cuda,forex,-0.0011347848784582612,3.0,0.9527086034880081,5.0,,,,,,,,,,,H1
GBP_AUD,killed_negative_ev,0,H1,-0.0002519640794579559,150,6367,cuda,forex,-0.0002519640794579559,0.5,1.1241474197159549,1.5,,,,,,,,,,,H1
GBP_CAD,killed_negative_ev,0,H1,-0.0002656886730745502,150,6085,cuda,forex,-0.0002656886730745502,0.5,0.9585484193831207,1.5,,,,,,,,,,,H1
GBP_CHF,killed_negative_ev,0,H1,-0.000281654681443065,150,6167,cuda,forex,-0.000281654681443065,0.5,1.2674615461222827,1.5,,,,,,,,,,,H1
GBP_JPY,killed_negative_ev,0,H1,-0.00017699685576199272,150,6313,cuda,forex,-0.00017699685576199272,0.5,0.9527086034880081,1.5,,,,,,,,,,,H1
GBP_NZD,killed_negative_ev,0,H1,-0.00024793588917306153,150,6482,cuda,forex,-0.00024793588917306153,0.5,1.023438977451746,1.5,,,,,,,,,,,H1
GBP_USD,killed_negative_ev,0,H1,-0.00018922339444394084,150,6230,cuda,forex,-0.00018922339444394084,0.5,0.5334044539273007,1.5,,,,,,,,,,,H1
GER40.cash,ok,0,H1,0.0001887779140496771,600,6018,cuda,index,0.0001887779140496771,0.0,0.6510143715328602,1.5,765,2,0.03043946390866702,0.6100459351811413,0.6894288262124891,0.01129311457721236,1.0530243891012312,2.1349787793298005,0.1816218551983665,0.6510299963652985,H1
GOOG,insufficient_rows,,,,,1834,,equity,,,,,,,,,,,,,,,H1
GRTUSD,killed_negative_ev,0,H1,-0.0004577081800608159,150,3517,cuda,crypto,-0.0004577081800608159,6.5,4.847701381594136,8.0,,,,,,,,,,,H1
HEATOIL.c,killed_negative_ev,0,H1,-0.04072625029237029,150,3249,cuda,commodity,-0.04072625029237029,0.13999999999999999,410.4403267583174,3.0,,,,,,,,,,,H1
HK50.cash,ok,0,H1,0.000863943967298977,600,4908,cuda,index,0.000863943967298977,0.0,2.636512772439653,1.5,1682,2,0.014170762840529792,0.42703761552138186,0.8690951346266789,0.060038844792442744,0.005722600684618868,1.4392173539792357,0.2192355640724981,0.5686828601821606,H1
IBE,insufficient_rows,,,,,2441,,equity,,,,,,,,,,,,,,,H1
ICPUSD,ok,0,H1,0.0008473790605362378,600,3430,cuda,crypto,0.0008473790605362378,6.5,5.96006754743243,8.0,135,9,1.4333707091743884,0.6054507879214377,0.37992963527212875,23.553430265076283,46.0597967562153,2.147012849591649,0.01652730686170125,0.9965011274224469,H1
IMXUSD,killed_negative_ev,0,H1,-0.00032250007910277916,150,3460,cuda,crypto,-0.00032250007910277916,6.5,6.926646810278381,8.0,,,,,,,,,,,H1
JP225.cash,ok,0,H1,0.0006747398547223023,600,6107,cuda,index,0.0006747398547223023,0.0,1.312811763171032,1.5,1175,5,0.1755484260861346,0.4747309475835935,0.4169669980675337,0.000013241274841008678,0.00014162913132828833,0.35237442837713917,0.2078297857986863,0.9899549664194174,H1
LNKUSD,killed_negative_ev,0,H1,-0.00031340271654109345,150,3441,cuda,crypto,-0.00031340271654109345,6.5,1.9212911076243964,8.0,,,,,,,,,,,H1
LTCUSD,killed_negative_ev,0,H1,-0.003071053274012935,150,8608,cuda,crypto,-0.003071053274012935,6.5,27.939847152601153,8.0,,,,,,,,,,,H1
LVMH,insufficient_rows,,,,,2389,,equity,,,,,,,,,,,,,,,H1
MANUSD,killed_negative_ev,0,H1,-0.0015336086380063724,150,3450,cuda,crypto,-0.0015336086380063724,6.5,11.930801352156172,8.0,,,,,,,,,,,H1
META,insufficient_rows,,,,,1800,,equity,,,,,,,,,,,,,,,H1
MSFT,insufficient_rows,,,,,1811,,equity,,,,,,,,,,,,,,,H1
N25.cash,killed_negative_ev,0,H1,-0.001311788039562352,150,3569,cuda,index,-0.001311788039562352,0.0,14.378888894635708,1.5,,,,,,,,,,,H1
NATGAS.cash,killed_negative_ev,0,H1,-0.010094668731920931,150,4102,cuda,commodity,-0.010094668731920931,0.13999999999999999,110.62260672244986,3.0,,,,,,,,,,,H1
NEOUSD,killed_negative_ev,0,H1,-0.02411933078556994,150,8638,cuda,crypto,-0.02411933078556994,6.5,240.9638554216865,8.0,,,,,,,,,,,H1
NERUSD,killed_negative_ev,0,H1,-0.002688742455568116,150,3430,cuda,crypto,-0.002688742455568116,6.5,31.41126318151275,8.0,,,,,,,,,,,H1
NFLX,insufficient_rows,,,,,1778,,equity,,,,,,,,,,,,,,,H1
NVDA,insufficient_rows,,,,,1805,,equity,,,,,,,,,,,,,,,H1
NZDUSD,killed_negative_ev,0,H1,-0.001152920916014819,150,6537,cuda,forex,-0.001152920916014819,3.0,1.3918853086500278,5.0,,,,,,,,,,,H1
NZD_CAD,killed_negative_ev,0,H1,-0.0003103438386989953,150,6438,cuda,forex,-0.0003103438386989953,0.5,1.7756627661272617,1.5,,,,,,,,,,,H1
NZD_CHF,killed_negative_ev,0,H1,-0.00034862043331918994,150,6410,cuda,forex,-0.00034862043331918994,0.5,2.559508574354254,1.5,,,,,,,,,,,H1
NZD_JPY,killed_negative_ev,0,H1,-0.00019829009515435158,150,6556,cuda,forex,-0.00019829009515435158,0.5,1.5361657303366172,1.5,,,,,,,,,,,H1
NZD_USD,killed_negative_ev,0,H1,-0.00020292091601481924,150,6537,cuda,forex,-0.00020292091601481924,0.5,1.3918853086500278,1.5,,,,,,,,,,,H1
PFE,insufficient_rows,,,,,1817,,equity,,,,,,,,,,,,,,,H1
RACE,insufficient_rows,,,,,1828,,equity,,,,,,,,,,,,,,,H1
SANUSD,killed_negative_ev,0,H1,-0.0013162584661325456,150,3442,cuda,crypto,-0.0013162584661325456,6.5,11.10083256244096,8.0,,,,,,,,,,,H1
SOLUSD,killed_negative_ev,0,H1,-0.000534772137399254,150,3422,cuda,crypto,-0.000534772137399254,6.5,1.7426156661144916,8.0,,,,,,,,,,,H1
SOYBEAN.c,killed_negative_ev,0,H1,-0.002144832178517175,150,4986,cuda,commodity,-0.002144832178517175,0.0,18.773244574786244,4.0,,,,,,,,,,,H1
SPN35.cash,insufficient_rows,,,,,3157,,index,,,,,,,,,,,,,,,H1
SUGAR.c,insufficient_rows,,,,,1161,,commodity,,,,,,,,,,,,,,,H1
T,insufficient_rows,,,,,1846,,equity,,,,,,,,,,,,,,,H1
TSLA,insufficient_rows,,,,,1774,,equity,,,,,,,,,,,,,,,H1
UK100.cash,killed_negative_ev,0,H1,-0.00008562303114684024,150,5826,cuda,index,-0.00008562303114684024,0.0,1.2533385058405841,1.5,,,,,,,,,,,H1
UKOIL.cash,killed_negative_ev,0,H1,-0.00002009427535988233,150,5582,cuda,commodity,-0.00002009427535988233,0.0,2.6754063273354323,3.0,,,,,,,,,,,H1
UNIUSD,ok,0,H1,0.00023212240908828953,600,3304,cuda,crypto,0.00023212240908828953,6.5,2.9615492193031243,8.0,1016,3,4.552331846033528,0.4013001688744227,0.32141702944926964,0.1247760627063459,0.37638009779936615,1.1298636998169747,0.2992753205425335,0.3710486561720602,H1
US100.cash,ok,0,H1,0.000469653495641581,600,5867,cuda,index,0.000469653495641581,0.0,0.617091902983242,1.5,1707,7,0.007408311832764751,0.6463182249643764,0.838235925210655,0.004657941340962511,0.0002448633365581019,2.32653216548431,0.08778966776167668,0.46201122533385425,H1
US2000.cash,killed_negative_ev,0,H1,-0.00004031001924739148,150,5836,cuda,index,-0.00004031001924739148,0.0,4.292572719571975,1.5,,,,,,,,,,,H1
US30.cash,ok,0,H1,0.00043554984595378844,600,5778,cuda,index,0.00043554984595378844,0.0,0.4632369971955916,1.5,562,9,0.01069743568135613,0.4205049364060555,0.6736028647105856,0.000013470647849311122,0.0014784188249732943,0.3713863910002029,0.25844228062971475,0.6886939459497443,H1
US500.cash,ok,0,H1,0.000017478624854428325,600,5914,cuda,index,0.000017478624854428325,0.0,1.046691147608667,1.5,592,3,0.059314350294857994,0.8147219946475373,0.5934229641120443,3.3802652678536487,0.065507688246688,0.36210459227846054,0.07484960119494087,0.8675784837072347,H1
USDCNH,insufficient_rows,,,,,2771,,forex,,,,,,,,,,,,,,,H1
USDZAR,killed_negative_ev,0,H1,-0.001529549501308694,150,6095,cuda,forex,-0.001529549501308694,3.0,5.542311514787658,5.0,,,,,,,,,,,H1
USD_CAD,killed_negative_ev,0,H1,-0.00022694277372485493,150,6306,cuda,forex,-0.00022694277372485493,0.5,0.44250724605577796,1.5,,,,,,,,,,,H1
USD_CHF,killed_negative_ev,0,H1,-0.00019776833274402411,150,6382,cuda,forex,-0.00019776833274402411,0.5,0.7569545196500347,1.5,,,,,,,,,,,H1
USD_CNH,insufficient_rows,,,,,2771,,forex,,,,,,,,,,,,,,,H1
USD_CZK,killed_negative_ev,0,H1,-0.0010277453397607146,150,6200,cuda,forex,-0.0010277453397607146,0.5,6.337305306378557,3.0,,,,,,,,,,,H1
USD_HKD,killed_negative_ev,0,H1,-0.0006787195414566157,150,5630,cuda,forex,-0.0006787195414566157,0.5,0.5248991009508555,3.0,,,,,,,,,,,H1
USD_HUF,killed_negative_ev,0,H1,-0.0008736548759371196,150,6069,cuda,forex,-0.0008736548759371196,0.5,5.306908725666221,3.0,,,,,,,,,,,H1
USD_ILS,killed_negative_ev,0,H1,-0.0009504912245148582,150,5790,cuda,forex,-0.0009504912245148582,0.5,6.289042516742918,3.0,,,,,,,,,,,H1
USD_JPY,killed_negative_ev,0,H1,-0.00012060933625926625,150,6506,cuda,forex,-0.00012060933625926625,0.5,0.464975705019745,1.5,,,,,,,,,,,H1
USD_MXN,killed_negative_ev,0,H1,-0.0006321380702768307,150,6227,cuda,forex,-0.0006321380702768307,0.5,2.5834465661268124,3.0,,,,,,,,,,,H1
USD_NOK,killed_negative_ev,0,H1,-0.0008111428535512109,150,6099,cuda,forex,-0.0008111428535512109,0.5,4.552249370418814,3.0,,,,,,,,,,,H1
USD_PLN,killed_negative_ev,0,H1,-0.0008649011840514568,150,6270,cuda,forex,-0.0008649011840514568,0.5,4.982873113502836,3.0,,,,,,,,,,,H1
USD_SEK,killed_negative_ev,0,H1,-0.0008673928494910293,150,6210,cuda,forex,-0.0008673928494910293,0.5,5.204350412098774,3.0,,,,,,,,,,,H1
USD_SGD,insufficient_rows,,,,,2806,,forex,,,,,,,,,,,,,,,H1
USD_ZAR,killed_negative_ev,0,H1,-0.0008795495013086944,150,6095,cuda,forex,-0.0008795495013086944,0.5,5.542311514787658,3.0,,,,,,,,,,,H1
USOIL.cash,killed_negative_ev,0,H1,-0.00008855928728712496,150,6073,cuda,commodity,-0.00008855928728712496,0.0,3.8984148542171044,3.0,,,,,,,,,,,H1
V,insufficient_rows,,,,,1769,,equity,,,,,,,,,,,,,,,H1
VECUSD,killed_negative_ev,0,H1,-0.001071337297174347,150,3417,cuda,crypto,-0.001071337297174347,6.5,8.81445570736124,8.0,,,,,,,,,,,H1
VOWG_p,insufficient_rows,,,,,2380,,equity,,,,,,,,,,,,,,,H1
WHEAT.c,killed_negative_ev,0,H1,-0.002080580770735408,150,4881,cuda,commodity,-0.002080580770735408,0.0,20.51097517092455,4.0,,,,,,,,,,,H1
WMT,insufficient_rows,,,,,1819,,equity,,,,,,,,,,,,,,,H1
XAG_AUD,killed_negative_ev,0,H1,-0.0000591017348738088,150,5932,cuda,commodity,-0.0000591017348738088,0.13999999999999999,4.121826865349976,2.0,,,,,,,,,,,H1
XAG_EUR,killed_negative_ev,0,H1,-0.0000766463364231378,150,5968,cuda,commodity,-0.0000766463364231378,0.13999999999999999,4.552049844945301,2.0,,,,,,,,,,,H1
XAG_USD,killed_negative_ev,0,H1,-0.00012991808009773053,150,5995,cuda,commodity,-0.00012991808009773053,0.13999999999999999,5.362183985995067,2.0,,,,,,,,,,,H1
XAU_AUD,ok,0,H1,2.0956891263243965e-6,600,6111,cuda,commodity,2.0956891263243965e-6,0.13999999999999999,0.9751875712335176,2.0,438,6,1.0973435299816237,0.7124601828823185,0.7070408329908948,0.00312614793984779,0.00021014817643617866,41.800726013835366,0.020321411034129076,0.7448449420446203,H1
XAU_EUR,killed_negative_ev,0,H1,-0.00005759904843245266,150,6127,cuda,commodity,-0.00005759904843245266,0.13999999999999999,1.5961437167796138,2.0,,,,,,,,,,,H1
XAU_USD,ok,0,H1,0.000013719813717882159,600,6160,cuda,commodity,0.000013719813717882159,0.13999999999999999,0.7966611047918627,2.0,1443,4,1.3352800144864292,0.7679409694883822,0.7182929712753685,0.04090393671825778,0.00019336829399320716,3.7994036616845266,0.12465982218275114,0.5784769373186811,H1
XCU_USD,insufficient_rows,,,,,3129,,commodity,,,,,,,,,,,,,,,H1
XLMUSD,killed_negative_ev,0,H1,-0.0008156270662894072,150,3378,cuda,crypto,-0.0008156270662894072,6.5,3.100294527979816,8.0,,,,,,,,,,,H1
XMRUSD,killed_negative_ev,0,H1,-0.010051995400868768,150,8021,cuda,crypto,-0.010051995400868768,6.5,97.69961808331063,8.0,,,,,,,,,,,H1
XPD_USD,killed_negative_ev,0,H1,-0.003803571678792888,150,6039,cuda,commodity,-0.003803571678792888,0.13999999999999999,46.62875319292502,2.0,,,,,,,,,,,H1
XPT_USD,killed_negative_ev,0,H1,-0.001947539330375809,150,6092,cuda,commodity,-0.001947539330375809,0.13999999999999999,25.863201643074046,2.0,,,,,,,,,,,H1
XRPUSD,killed_negative_ev,0,H1,-0.0042763730045998535,150,8249,cuda,crypto,-0.0042763730045998535,6.5,40.947645510383644,8.0,,,,,,,,,,,H1
XTZUSD,killed_negative_ev,0,H1,-0.005380508096455026,150,3367,cuda,crypto,-0.005380508096455026,6.5,48.979591836734734,8.0,,,,,,,,,,,H1
ZM,insufficient_rows,,,,,1860,,equity,,,,,,,,,,,,,,,H1
