symbol,status,gpu,timeframe,best_ev,trials,rows,device_used,cluster,calmar_score,fee_bps,spread_bps,slippage_bps,best_num_boost_round,best_max_depth,best_gamma,best_subsample,best_colsample_bytree,best_reg_alpha,best_reg_lambda,best_min_child_weight,best_eta,best_colsample_bylevel
AAPL,ok,0,H4,0.006515780764251651,80,541,cuda,equity,0.006515780764251651,0.4,4.245710867090478,2.5,1605,5,0.0024086533597593427,0.8968446898233765,0.4827694900105323,0.00022053424507672032,0.30490150037326746,1.1793963718651834,0.04557878318278264,0.9572110780170151
AAVUSD,ok,0,H4,0.008599228837509491,80,835,cuda,crypto,0.008599228837509491,6.5,0.6320113762041969,8.0,1575,6,0.5393473732727926,0.6349130410101587,0.503726695819712,0.0019759670840033094,0.0013415649165239958,1.1441880158745599,0.017960397618922333,0.7370120918011015
ADAUSD,killed_negative_ev,0,H4,-0.0018212584686751842,40,2151,cuda,crypto,-0.0018212584686751842,6.5,39.25104757863509,8.0,,,,,,,,,,
AIRF,killed_negative_ev,0,H4,-0.001602649668861176,40,825,cuda,equity,-0.001602649668861176,0.4,50.82592121982216,2.5,,,,,,,,,,
ALGUSD,ok,0,H4,0.00035684526629927116,80,821,cuda,crypto,0.00035684526629927116,6.5,15.548069448043261,8.0,1264,4,4.160400031130832,0.43801366336077163,0.8751269754922316,0.009461160290769524,0.09341144868137642,2.0197601363905653,0.006266698853881013,0.41230947520103833
ALVG,ok,0,H4,0.0009993787880882312,80,842,cuda,equity,0.0009993787880882312,0.4,4.975981320931483,2.5,1446,4,2.0218499516556734,0.72926216630837,0.4014121162875837,0.00010242251205083784,0.00002449629343316355,14.50311435955392,0.1734451662584154,0.7207805082202461
AMZN,ok,0,H4,0.009202467428319561,80,530,cuda,equity,0.009202467428319561,0.4,4.884872438218071,2.5,884,2,0.025080918522820628,0.820164471783429,0.6127350522630283,0.00630298000081899,0.045980957701499466,0.3091682285945405,0.08744612704062624,0.7567199139223525
AUDNZD,killed_negative_ev,0,H4,-0.001149823290628706,40,1632,cuda,forex,-0.001149823290628706,3.0,1.0823486966708575,5.0,,,,,,,,,,
AUD_CAD,killed_negative_ev,0,H4,-0.0000856178002504086,40,1581,cuda,forex,-0.0000856178002504086,0.5,1.2668067831751302,1.5,,,,,,,,,,
AUD_CHF,ok,0,H4,1.9537886959062e-6,80,1582,cuda,forex,1.9537886959062e-6,0.5,1.600697192555593,1.5,1446,4,1.3751068413926437,0.7693963178886665,0.48581025224334007,0.00009614487780312032,0.00002449629343316355,14.553179565665339,0.1734451662584154,0.7207805082202461
AUD_JPY,ok,0,H4,0.00039664046076399914,80,1631,cuda,forex,0.00039664046076399914,0.5,1.235152438396819,1.5,1446,4,1.3751068413926437,0.7693963178886665,0.48581025224334007,0.00009614487780312032,0.00002449629343316355,14.553179565665339,0.1734451662584154,0.7207805082202461
AUD_NZD,killed_negative_ev,0,H4,-0.00019982329062870593,40,1632,cuda,forex,-0.00019982329062870593,0.5,1.0823486966708575,1.5,,,,,,,,,,
AUD_USD,ok,0,H4,0.00020197820117703004,80,1633,cuda,forex,0.00020197820117703004,0.5,0.640717603716803,1.5,1446,4,1.3751068413926437,0.7693963178886665,0.48581025224334007,0.00009614487780312032,0.00002449629343316355,14.553179565665339,0.1734451662584154,0.7207805082202461
AUS200.cash,ok,0,H4,0.0005291470630250285,80,1477,cuda,index,0.0005291470630250285,0.0,1.5653974905465313,1.5,1446,4,2.0218499516556734,0.72926216630837,0.4014121162875837,0.00010242251205083784,0.00002449629343316355,14.50311435955392,0.1734451662584154,0.7207805082202461
AVAUSD,ok,0,H4,0.00956107052089695,80,835,cuda,crypto,0.00956107052089695,6.5,9.892827699917936,8.0,1211,6,2.1561187032278877,0.5805767361209886,0.5347382756573821,0.0010350469575147396,0.0014544285778406918,1.2705756982554752,0.03473960753764963,0.9524757828418433
BABA,insufficient_rows,,,,,499,,equity,,,,,,,,,,,,,,
BAC,ok,0,H4,0.004331299308734435,80,536,cuda,equity,0.004331299308734435,0.4,18.96094046264722,2.5,460,4,0.014363863629624005,0.50554651441816,0.3227902598677838,0.00001676961120946485,0.00020116121253029544,0.30212964225113,0.05313003934566401,0.8135663021539594
BARUSD,ok,0,H4,0.007487968651262937,80,835,cuda,crypto,0.007487968651262937,6.5,4.890573419733265,8.0,427,6,0.33278587827032874,0.8486102433907217,0.5855417376428174,0.002309005772760486,0.6360514686192121,1.274065812606272,0.014832390214879856,0.38393586607966956
BAYGn,ok,0,H4,0.002277635206717741,80,778,cuda,equity,0.002277635206717741,0.4,14.886490509861982,2.5,933,6,0.0032030547767837305,0.9381756595706211,0.9440211616223717,0.5400750687329432,0.0007693147016783667,0.5015822077415814,0.005468855252427306,0.7875407536910419
BCHUSD,killed_negative_ev,0,H4,-0.00013031195430196797,40,2033,cuda,crypto,-0.00013031195430196797,6.5,17.049580601366117,8.0,,,,,,,,,,
BNBUSD,ok,0,H4,0.0015967926866029183,80,785,cuda,crypto,0.0015967926866029183,6.5,0.2932236025519174,8.0,778,6,0.6214422633114972,0.6349398686474892,0.7220505841084306,0.03811696778787756,0.0013424855587580269,1.432221161251604,0.03473960753764963,0.9173452748924691
BTCUSD,killed_negative_ev,0,H4,-0.00005129464668456472,40,2108,cuda,crypto,-0.00005129464668456472,6.5,0.36974192536747785,8.0,,,,,,,,,,
CADCHF,killed_negative_ev,0,H4,-0.0010661137469287828,40,1541,cuda,index,-0.0010661137469287828,3.0,1.9439809489868458,5.0,,,,,,,,,,
CAD_CHF,killed_negative_ev,0,H4,-0.00011611374692878266,40,1541,cuda,index,-0.00011611374692878266,0.5,1.9439809489868458,1.5,,,,,,,,,,
CAD_JPY,ok,0,H4,0.00006924291946989565,80,1603,cuda,forex,0.00006924291946989565,0.5,1.3967846018466021,1.5,1446,4,1.3751068413926437,0.7693963178886665,0.48581025224334007,0.00009614487780312032,0.00002449629343316355,14.553179565665339,0.1734451662584154,0.7207805082202461
CHF_JPY,killed_negative_ev,0,H4,-4.272188349677176e-6,40,1621,cuda,forex,-4.272188349677176e-6,0.5,1.129288696712014,1.5,,,,,,,,,,
COCOA.c,ok,0,H4,0.00272652595289959,80,1031,cuda,commodity,0.00272652595289959,0.0,19.182529142687837,4.0,945,7,1.1132795439424215,0.7011913972263845,0.8815128465774766,0.02039084742899088,0.007114474707324715,1.6577976645317853,0.05790145476172293,0.9745303054791941
COFFEE.c,ok,0,H4,0.002222602995958814,80,1049,cuda,commodity,0.002222602995958814,0.0,8.618367896579402,4.0,1446,4,3.6808608148776107,0.72926216630837,0.4014121162875837,0.0007744762285330786,0.0002142973316927139,24.720106712713147,0.1734451662584154,0.7207805082202461
CORN.c,killed_negative_ev,0,H4,-0.0017013873171234325,40,1565,cuda,commodity,-0.0017013873171234325,0.0,20.381673657222915,4.0,,,,,,,,,,
COTTON.c,insufficient_rows,,,,,524,,commodity,,,,,,,,,,,,,,
DASHUSD,ok,0,H4,0.004156489652755669,80,2174,cuda,crypto,0.004156489652755669,6.5,9.131030284581959,8.0,1972,3,0.05182620937469871,0.6384192968116627,0.505676123495474,0.0036065089687695993,0.01218762445550381,1.1214235407865805,0.011659068356730858,0.3058383744097547
DBKGn,ok,0,H4,0.002248611755437537,80,798,cuda,equity,0.002248611755437537,0.4,10.480349344978563,2.5,1446,4,2.0218499516556734,0.72926216630837,0.4014121162875837,0.00010242251205083784,0.00002449629343316355,14.50311435955392,0.1734451662584154,0.7207805082202461
DOGEUSD,killed_negative_ev,0,H4,-0.0002166094434732603,40,2110,cuda,crypto,-0.0002166094434732603,6.5,25.193029928387073,8.0,,,,,,,,,,
DOTUSD,killed_negative_ev,0,H4,-0.0016042170308495217,40,2207,cuda,crypto,-0.0016042170308495217,6.5,35.26093088857627,8.0,,,,,,,,,,
DXY.cash,killed_negative_ev,0,H4,-0.0005205973273127914,40,877,cuda,forex,-0.0005205973273127914,0.13999999999999999,2.7395453369373723,3.0,,,,,,,,,,
ETCUSD,ok,0,H4,0.008703552618234594,80,820,cuda,crypto,0.008703552618234594,6.5,3.954913980620486,8.0,1283,6,1.8689719024269207,0.718635023714308,0.5318753114429029,0.004900562371232845,0.22949884690730107,1.05950289871377,0.026518569068087732,0.6668991093291302
ETHUSD,killed_negative_ev,0,H4,-0.00007237981882979517,40,2084,cuda,crypto,-0.00007237981882979517,6.5,12.383220370031541,8.0,,,,,,,,,,
EU50.cash,ok,0,H4,0.0013907628823009346,80,1244,cuda,index,0.0013907628823009346,0.0,3.062474479379339,1.5,613,4,0.012273799849530765,0.8377067733024032,0.8686680581651722,0.000667663427929129,0.0002830863684526529,0.35906470783917466,0.021655530334213385,0.9554007949007004
EUR_AUD,killed_negative_ev,0,H4,-0.000021527247595150775,40,1601,cuda,forex,-0.000021527247595150775,0.5,0.9578894877276074,1.5,,,,,,,,,,
EUR_CAD,killed_negative_ev,0,H4,-0.00009855590432555442,40,1589,cuda,forex,-0.00009855590432555442,0.5,1.0203491634828765,1.5,,,,,,,,,,
EUR_CHF,killed_negative_ev,0,H4,-0.0001470560384300827,40,1551,cuda,forex,-0.0001470560384300827,0.5,0.9617491010321119,1.5,,,,,,,,,,
EUR_CZK,killed_negative_ev,0,H4,-0.0011388733535835753,40,1487,cuda,forex,-0.0011388733535835753,0.5,6.709345559251877,3.0,,,,,,,,,,
EUR_GBP,killed_negative_ev,0,H4,-0.00014431456660435777,40,1559,cuda,forex,-0.00014431456660435777,0.5,0.8214950035502021,1.5,,,,,,,,,,
EUR_HUF,killed_negative_ev,0,H4,-0.0008832951832231865,40,1596,cuda,forex,-0.0008832951832231865,0.5,5.593052521785947,3.0,,,,,,,,,,
EUR_JPY,ok,0,H4,0.000013498885252390298,80,1644,cuda,forex,0.000013498885252390298,0.5,0.8469814991000176,1.5,1446,4,1.3751068413926437,0.7693963178886665,0.48581025224334007,0.00009614487780312032,0.00002449629343316355,14.553179565665339,0.1734451662584154,0.7207805082202461
EUR_NOK,killed_negative_ev,0,H4,-0.0006796186259714804,40,1601,cuda,forex,-0.0006796186259714804,0.5,4.599265323348458,3.0,,,,,,,,,,
EUR_NZD,killed_negative_ev,0,H4,-0.00004427499857083201,40,1591,cuda,forex,-0.00004427499857083201,0.5,1.2002228985385486,1.5,,,,,,,,,,
EUR_PLN,killed_negative_ev,0,H4,-0.0009431626880381957,40,1488,cuda,forex,-0.0009431626880381957,0.5,5.505218488358151,3.0,,,,,,,,,,
EUR_USD,ok,0,H4,0.00001112560504301316,80,1574,cuda,forex,0.00001112560504301316,0.5,0.27465107869187805,1.5,1446,4,1.3751068413926437,0.7693963178886665,0.48581025224334007,0.00009614487780312032,0.00002449629343316355,14.553179565665339,0.1734451662584154,0.7207805082202461
FETUSD,ok,0,H4,0.011837276058166842,80,862,cuda,crypto,0.011837276058166842,6.5,2.9027576197400435,8.0,1365,3,0.026770681748450206,0.9306551801467713,0.8350542887266528,0.004001338483274113,0.01492667923877482,1.2546553702492758,0.09431034245776042,0.7305664813596631
FRA40.cash,ok,0,H4,0.0013859686343346846,80,1196,cuda,index,0.0013859686343346846,0.0,1.9992239037647894,1.5,1569,8,1.5245391049077508,0.5588292142127074,0.3629011883847164,0.0014341694759047743,0.00012010887458812913,0.40024672814170575,0.018900456817349233,0.5754052108469753
GALUSD,ok,0,H4,0.011952094071343514,80,833,cuda,crypto,0.011952094071343514,6.5,8.729812309035,8.0,240,6,0.017263791345679874,0.9144509550554089,0.538211699427328,0.0018659487795196295,0.48608224354384644,1.7318406319350288,0.04725529032286429,0.8111388577548594
GBPJPY,killed_negative_ev,0,H4,-0.0008453321215799722,40,1611,cuda,forex,-0.0008453321215799722,3.0,0.9527086034880081,5.0,,,,,,,,,,
GBP_AUD,killed_negative_ev,0,H4,-0.00005068112094628358,40,1564,cuda,forex,-0.00005068112094628358,0.5,1.1241474197159549,1.5,,,,,,,,,,
GBP_CAD,killed_negative_ev,0,H4,-0.00008494304522644968,40,1660,cuda,forex,-0.00008494304522644968,0.5,0.9585484193831207,1.5,,,,,,,,,,
GBP_CHF,killed_negative_ev,0,H4,-0.00007934142117503702,40,1553,cuda,forex,-0.00007934142117503702,0.5,1.2674615461222827,1.5,,,,,,,,,,
GBP_JPY,ok,0,H4,0.000045984457125543885,80,1611,cuda,forex,0.000045984457125543885,0.5,0.9527086034880081,1.5,1446,4,1.3751068413926437,0.7693963178886665,0.48581025224334007,0.00009614487780312032,0.00002449629343316355,14.553179565665339,0.1734451662584154,0.7207805082202461
GBP_NZD,killed_negative_ev,0,H4,-0.00004037738498966965,40,1572,cuda,forex,-0.00004037738498966965,0.5,1.023438977451746,1.5,,,,,,,,,,
GBP_USD,ok,0,H4,3.747006114420893e-6,80,1663,cuda,forex,3.747006114420893e-6,0.5,0.5334044539273007,1.5,1446,4,1.3751068413926437,0.7693963178886665,0.48581025224334007,0.00009614487780312032,0.00002449629343316355,14.553179565665339,0.1734451662584154,0.7207805082202461
GER40.cash,ok,0,H4,0.001002509562967438,80,1594,cuda,index,0.001002509562967438,0.0,0.6510143715328602,1.5,367,9,0.009393743708947746,0.852885772087796,0.7605174740659862,0.21548891051871064,4.898994815441395,0.301698379613685,0.007518541527968323,0.5887978581236905
GOOG,insufficient_rows,,,,,514,,equity,,,,,,,,,,,,,,
GRTUSD,ok,0,H4,0.010990942248426368,80,822,cuda,crypto,0.010990942248426368,6.5,4.847701381594136,8.0,1220,5,0.9111203470361358,0.7868104274964598,0.771024085529432,0.041083039663712455,0.21344696564297116,1.7346358364752328,0.013760518928655619,0.941371741302984
HEATOIL.c,killed_negative_ev,0,H4,-0.039880918497128284,40,870,cuda,commodity,-0.039880918497128284,0.13999999999999999,410.4403267583174,3.0,,,,,,,,,,
HK50.cash,ok,0,H4,0.0029525627760767733,80,1465,cuda,index,0.0029525627760767733,0.0,2.636512772439653,1.5,1711,5,0.09966509673268606,0.4967084342039303,0.4297987865699226,0.08096494061832228,0.0002773279998177076,0.3837871833530535,0.15933858925218536,0.6461112578457641
IBE,killed_negative_ev,0,H4,-0.0020102742624671715,40,808,cuda,equity,-0.0020102742624671715,0.4,29.090909090908468,2.5,,,,,,,,,,
ICPUSD,ok,0,H4,0.014979103193507261,80,871,cuda,crypto,0.014979103193507261,6.5,5.96006754743243,8.0,52,6,0.02213770002438636,0.9008559918527769,0.6392802153012886,0.003842297261810736,0.0025584790848772305,1.2718440036059158,0.0336261117454187,0.7032511809689257
IMXUSD,ok,0,H4,0.016839931418358992,80,818,cuda,crypto,0.016839931418358992,6.5,6.926646810278381,8.0,1312,5,0.11505246398253409,0.6362145061853093,0.6113937739164877,0.004339626544380389,0.46351409446651687,1.0178855477342579,0.06158107380809119,0.7895556520775558
JP225.cash,ok,0,H4,0.0016940217501477748,80,1511,cuda,index,0.0016940217501477748,0.0,1.312811763171032,1.5,1446,4,2.0218499516556734,0.72926216630837,0.4014121162875837,0.00010242251205083784,0.00002449629343316355,14.50311435955392,0.1734451662584154,0.7207805082202461
LNKUSD,ok,0,H4,0.010650618653172215,80,813,cuda,crypto,0.010650618653172215,6.5,1.9212911076243964,8.0,647,6,0.19670001388420558,0.6374548709361098,0.8280573135014196,0.00895234265765267,0.038890326852454464,1.067331512322557,0.019603198821635758,0.9406669780267176
LTCUSD,killed_negative_ev,0,H4,-0.001221716356437504,40,2116,cuda,crypto,-0.001221716356437504,6.5,27.939847152601153,8.0,,,,,,,,,,
LVMH,ok,0,H4,0.004145225911072945,80,779,cuda,equity,0.004145225911072945,0.4,2.429656764257795,2.5,1446,4,2.0218499516556734,0.72926216630837,0.4014121162875837,0.00010242251205083784,0.00002449629343316355,14.50311435955392,0.1734451662584154,0.7207805082202461
MANUSD,ok,0,H4,0.009171734607793509,80,822,cuda,crypto,0.009171734607793509,6.5,11.930801352156172,8.0,139,4,0.02370736473869761,0.7183429463125552,0.6660243944886727,0.12785243458451018,0.022413145734983344,1.6522725280570838,0.025154215094645143,0.8493692589493714
META,ok,0,H4,0.013579094379171729,80,541,cuda,equity,0.013579094379171729,0.4,5.26092147062971,2.5,1023,8,0.04277210314220867,0.8397809883090904,0.3044642747045071,0.000043690611657617754,0.005701419562132569,0.4347506342447999,0.21357514578392112,0.5681706342736215
MSFT,ok,0,H4,0.0029674444379337206,80,548,cuda,equity,0.0029674444379337206,0.4,3.352490421456973,2.5,1446,4,2.0218499516556734,0.72926216630837,0.4014121162875837,0.00010242251205083784,0.00002449629343316355,14.50311435955392,0.1734451662584154,0.7207805082202461
N25.cash,killed_negative_ev,0,H4,-0.0007448285853112837,40,1018,cuda,index,-0.0007448285853112837,0.0,14.378888894635708,1.5,,,,,,,,,,
NATGAS.cash,killed_negative_ev,0,H4,-0.0078385368114531,40,1088,cuda,commodity,-0.0078385368114531,0.13999999999999999,110.62260672244986,3.0,,,,,,,,,,
NEOUSD,killed_negative_ev,0,H4,-0.02201317131861637,40,2064,cuda,crypto,-0.02201317131861637,6.5,240.9638554216865,8.0,,,,,,,,,,
NERUSD,ok,0,H4,0.006865323810956953,80,845,cuda,crypto,0.006865323810956953,6.5,31.41126318151275,8.0,803,5,0.06821400787327003,0.8769454511558187,0.5424287358135137,0.002305328807907572,0.04695958075915908,1.0194628967874784,0.04720951404194051,0.6298659281341408
NFLX,insufficient_rows,,,,,517,,equity,,,,,,,,,,,,,,
NVDA,insufficient_rows,,,,,508,,equity,,,,,,,,,,,,,,
NZDUSD,killed_negative_ev,0,H4,-0.0008687982608778878,40,1639,cuda,forex,-0.0008687982608778878,3.0,1.3918853086500278,5.0,,,,,,,,,,
NZD_CAD,killed_negative_ev,0,H4,-0.00009851700732177743,40,1632,cuda,forex,-0.00009851700732177743,0.5,1.7756627661272617,1.5,,,,,,,,,,
NZD_CHF,killed_negative_ev,0,H4,-0.00009462995949534089,40,1583,cuda,forex,-0.00009462995949534089,0.5,2.559508574354254,1.5,,,,,,,,,,
NZD_JPY,ok,0,H4,0.00012848557036830468,80,1641,cuda,forex,0.00012848557036830468,0.5,1.5361657303366172,1.5,1446,4,1.3751068413926437,0.7693963178886665,0.48581025224334007,0.00009614487780312032,0.00002449629343316355,14.553179565665339,0.1734451662584154,0.7207805082202461
NZD_USD,ok,0,H4,0.00004661585485549117,80,1639,cuda,forex,0.00004661585485549117,0.5,1.3918853086500278,1.5,1446,4,1.3751068413926437,0.7693963178886665,0.48581025224334007,0.00009614487780312032,0.00002449629343316355,14.553179565665339,0.1734451662584154,0.7207805082202461
PFE,insufficient_rows,,,,,474,,equity,,,,,,,,,,,,,,
RACE,ok,0,H4,0.0012983264950857938,80,534,cuda,equity,0.0012983264950857938,0.4,20.967017268988975,2.5,1446,4,2.0218499516556734,0.72926216630837,0.4014121162875837,0.00010242251205083784,0.00002449629343316355,14.50311435955392,0.1734451662584154,0.7207805082202461
SANUSD,ok,0,H4,0.009017912112748216,80,819,cuda,crypto,0.009017912112748216,6.5,11.10083256244096,8.0,1129,6,1.5401285934051028,0.947023580499662,0.5968888846490686,0.003911197431220763,0.4450156851112963,1.0051799839095357,0.014949114103774893,0.30261743870140756
SOLUSD,ok,0,H4,0.004782861984842347,80,846,cuda,crypto,0.004782861984842347,6.5,1.7426156661144916,8.0,1135,6,1.1690537331538409,0.6160309108567705,0.8892735188262837,0.0011273715108922507,0.1040675628833948,1.180035642972507,0.019227681864772188,0.6723311865152884
SOYBEAN.c,killed_negative_ev,0,H4,-0.0016453055782000188,40,1554,cuda,commodity,-0.0016453055782000188,0.0,18.773244574786244,4.0,,,,,,,,,,
SPN35.cash,ok,0,H4,0.0006596667901246608,80,1127,cuda,index,0.0006596667901246608,0.0,4.410105927352602,1.5,1446,4,2.0218499516556734,0.72926216630837,0.4014121162875837,0.00010242251205083784,0.00002449629343316355,14.50311435955392,0.1734451662584154,0.7207805082202461
SUGAR.c,insufficient_rows,,,,,305,,commodity,,,,,,,,,,,,,,
T,insufficient_rows,,,,,493,,equity,,,,,,,,,,,,,,
TSLA,insufficient_rows,,,,,475,,equity,,,,,,,,,,,,,,
UK100.cash,ok,0,H4,0.0005133327420826387,80,1483,cuda,index,0.0005133327420826387,0.0,1.2533385058405841,1.5,1446,4,2.0218499516556734,0.72926216630837,0.4014121162875837,0.00010242251205083784,0.00002449629343316355,14.50311435955392,0.1734451662584154,0.7207805082202461
UKOIL.cash,ok,0,H4,0.0015120667248107232,80,1650,cuda,commodity,0.0015120667248107232,0.0,2.6754063273354323,3.0,1446,4,3.6808608148776107,0.72926216630837,0.4014121162875837,0.0007744762285330786,0.0002142973316927139,24.720106712713147,0.1734451662584154,0.7207805082202461
UNIUSD,ok,0,H4,0.013156142216529297,80,781,cuda,crypto,0.013156142216529297,6.5,2.9615492193031243,8.0,1383,9,0.9434222532586576,0.8345218420025379,0.6788075595533813,0.0016228667310490563,0.010636874235372804,1.6790173613423955,0.06073412861457921,0.773562160857542
US100.cash,ok,0,H4,0.0015253689608490143,80,1642,cuda,index,0.0015253689608490143,0.0,0.617091902983242,1.5,1446,4,2.0218499516556734,0.72926216630837,0.4014121162875837,0.00010242251205083784,0.00002449629343316355,14.50311435955392,0.1734451662584154,0.7207805082202461
US2000.cash,ok,0,H4,0.0018870188742634855,80,1508,cuda,index,0.0018870188742634855,0.0,4.292572719571975,1.5,160,3,0.6055250693796832,0.4299126975896123,0.3218206930390978,0.000019788425261299344,0.00004698856502000297,0.38295351379814135,0.08206176950603353,0.9962451467253325
US30.cash,ok,0,H4,0.0008558508894912701,80,1622,cuda,index,0.0008558508894912701,0.0,0.4632369971955916,1.5,1446,4,2.0218499516556734,0.72926216630837,0.4014121162875837,0.00010242251205083784,0.00002449629343316355,14.50311435955392,0.1734451662584154,0.7207805082202461
US500.cash,ok,0,H4,0.0008567181803533745,80,1630,cuda,index,0.0008567181803533745,0.0,1.046691147608667,1.5,1446,4,2.0218499516556734,0.72926216630837,0.4014121162875837,0.00010242251205083784,0.00002449629343316355,14.50311435955392,0.1734451662584154,0.7207805082202461
USDCNH,killed_negative_ev,0,H4,-0.0012693374354248144,40,699,cuda,forex,-0.0012693374354248144,3.0,0.9569105933477012,5.0,,,,,,,,,,
USDZAR,killed_negative_ev,0,H4,-0.001191284019856704,40,1651,cuda,forex,-0.001191284019856704,3.0,5.542311514787658,5.0,,,,,,,,,,
USD_CAD,killed_negative_ev,0,H4,-0.00008369687541053873,40,1634,cuda,forex,-0.00008369687541053873,0.5,0.44250724605577796,1.5,,,,,,,,,,
USD_CHF,ok,0,H4,4.46314917349942e-6,80,1618,cuda,forex,4.46314917349942e-6,0.5,0.7569545196500347,1.5,1446,4,1.3751068413926437,0.7693963178886665,0.48581025224334007,0.00009614487780312032,0.00002449629343316355,14.553179565665339,0.1734451662584154,0.7207805082202461
USD_CNH,killed_negative_ev,0,H4,-0.0006193374354248147,40,699,cuda,forex,-0.0006193374354248147,0.5,0.9569105933477012,3.0,,,,,,,,,,
USD_CZK,killed_negative_ev,0,H4,-0.0007859843250576722,40,1627,cuda,forex,-0.0007859843250576722,0.5,6.337305306378557,3.0,,,,,,,,,,
USD_HKD,killed_negative_ev,0,H4,-0.000654690923107326,40,1532,cuda,forex,-0.000654690923107326,0.5,0.5248991009508555,3.0,,,,,,,,,,
USD_HUF,killed_negative_ev,0,H4,-0.0005769823469256675,40,1607,cuda,forex,-0.0005769823469256675,0.5,5.306908725666221,3.0,,,,,,,,,,
USD_ILS,killed_negative_ev,0,H4,-0.0006236778604393861,40,1592,cuda,forex,-0.0006236778604393861,0.5,6.289042516742918,3.0,,,,,,,,,,
USD_JPY,ok,0,H4,0.0004148384407056529,80,1599,cuda,forex,0.0004148384407056529,0.5,0.464975705019745,1.5,1446,4,1.3751068413926437,0.7693963178886665,0.48581025224334007,0.00009614487780312032,0.00002449629343316355,14.553179565665339,0.1734451662584154,0.7207805082202461
USD_MXN,killed_negative_ev,0,H4,-0.00026834420571232776,40,1634,cuda,forex,-0.00026834420571232776,0.5,2.5834465661268124,3.0,,,,,,,,,,
USD_NOK,killed_negative_ev,0,H4,-0.0005032827024473868,40,1557,cuda,forex,-0.0005032827024473868,0.5,4.552249370418814,3.0,,,,,,,,,,
USD_PLN,killed_negative_ev,0,H4,-0.0005947668721440424,40,1590,cuda,forex,-0.0005947668721440424,0.5,4.982873113502836,3.0,,,,,,,,,,
USD_SEK,killed_negative_ev,0,H4,-0.000562835930867527,40,1571,cuda,forex,-0.000562835930867527,0.5,5.204350412098774,3.0,,,,,,,,,,
USD_SGD,killed_negative_ev,0,H4,-0.0006560818117493259,40,719,cuda,forex,-0.0006560818117493259,0.5,2.2344704305093774,3.0,,,,,,,,,,
USD_ZAR,killed_negative_ev,0,H4,-0.0005412840198567046,40,1651,cuda,forex,-0.0005412840198567046,0.5,5.542311514787658,3.0,,,,,,,,,,
USOIL.cash,ok,0,H4,0.0015774254015191924,80,1667,cuda,commodity,0.0015774254015191924,0.0,3.8984148542171044,3.0,1446,4,3.6808608148776107,0.72926216630837,0.4014121162875837,0.0007744762285330786,0.0002142973316927139,24.720106712713147,0.1734451662584154,0.7207805082202461
V,insufficient_rows,,,,,509,,equity,,,,,,,,,,,,,,
VECUSD,ok,0,H4,0.009202233867689919,80,823,cuda,crypto,0.009202233867689919,6.5,8.81445570736124,8.0,696,5,0.02131490191084984,0.5856885536535213,0.804408921520222,0.002067351975320566,0.003840156330452268,1.3693675411090458,0.05020318056378228,0.7019830786527221
VOWG_p,killed_negative_ev,0,H4,-0.0009263388883886427,40,813,cuda,equity,-0.0009263388883886427,0.4,28.74198540791566,2.5,,,,,,,,,,
WHEAT.c,killed_negative_ev,0,H4,-0.0014051843648117388,40,1569,cuda,commodity,-0.0014051843648117388,0.0,20.51097517092455,4.0,,,,,,,,,,
WMT,insufficient_rows,,,,,494,,equity,,,,,,,,,,,,,,
XAG_AUD,ok,0,H4,0.0017820180205150497,80,1592,cuda,commodity,0.0017820180205150497,0.13999999999999999,4.121826865349976,2.0,1446,4,3.6808608148776107,0.72926216630837,0.4014121162875837,0.0007744762285330786,0.0002142973316927139,24.720106712713147,0.1734451662584154,0.7207805082202461
XAG_EUR,ok,0,H4,0.0017840219250919369,80,1605,cuda,commodity,0.0017840219250919369,0.13999999999999999,4.552049844945301,2.0,1446,4,3.6808608148776107,0.72926216630837,0.4014121162875837,0.0007744762285330786,0.0002142973316927139,24.720106712713147,0.1734451662584154,0.7207805082202461
XAG_USD,ok,0,H4,0.001935314493175598,80,1627,cuda,commodity,0.001935314493175598,0.13999999999999999,5.362183985995067,2.0,1446,4,3.6808608148776107,0.72926216630837,0.4014121162875837,0.0007744762285330786,0.0002142973316927139,24.720106712713147,0.1734451662584154,0.7207805082202461
XAU_AUD,ok,0,H4,0.0008854405419563374,80,1597,cuda,commodity,0.0008854405419563374,0.13999999999999999,0.9751875712335176,2.0,1446,4,3.6808608148776107,0.72926216630837,0.4014121162875837,0.0007744762285330786,0.0002142973316927139,24.720106712713147,0.1734451662584154,0.7207805082202461
XAU_EUR,ok,0,H4,0.0007531106211117971,80,1635,cuda,commodity,0.0007531106211117971,0.13999999999999999,1.5961437167796138,2.0,1446,4,3.6808608148776107,0.72926216630837,0.4014121162875837,0.0007744762285330786,0.0002142973316927139,24.720106712713147,0.1734451662584154,0.7207805082202461
XAU_USD,ok,0,H4,0.0010457139717154416,80,1618,cuda,commodity,0.0010457139717154416,0.13999999999999999,0.7966611047918627,2.0,1446,4,3.6808608148776107,0.72926216630837,0.4014121162875837,0.0007744762285330786,0.0002142973316927139,24.720106712713147,0.1734451662584154,0.7207805082202461
XCU_USD,ok,0,H4,0.0011215860611685725,80,818,cuda,commodity,0.0011215860611685725,0.13999999999999999,8.34999670394857,2.0,1446,4,3.6808608148776107,0.72926216630837,0.4014121162875837,0.0007744762285330786,0.0002142973316927139,24.720106712713147,0.1734451662584154,0.7207805082202461
XLMUSD,ok,0,H4,0.0024230516164063616,80,818,cuda,crypto,0.0024230516164063616,6.5,3.100294527979816,8.0,1431,5,7.114476009343421,0.72926216630837,0.39361118426546193,0.0060252157362038605,0.0019517224641449498,39.163871636794745,0.1734451662584154,0.7207805082202461
XMRUSD,killed_negative_ev,0,H4,-0.008492406087864248,40,2056,cuda,crypto,-0.008492406087864248,6.5,97.69961808331063,8.0,,,,,,,,,,
XPD_USD,killed_negative_ev,0,H4,-0.0029176573420938495,40,1605,cuda,commodity,-0.0029176573420938495,0.13999999999999999,46.62875319292502,2.0,,,,,,,,,,
XPT_USD,killed_negative_ev,0,H4,-0.0013330535387286394,40,1606,cuda,commodity,-0.0013330535387286394,0.13999999999999999,25.863201643074046,2.0,,,,,,,,,,
XRPUSD,killed_negative_ev,0,H4,-0.0025513708570395286,40,2010,cuda,crypto,-0.0025513708570395286,6.5,40.947645510383644,8.0,,,,,,,,,,
XTZUSD,killed_negative_ev,0,H4,-0.0030773402303724473,40,828,cuda,crypto,-0.0030773402303724473,6.5,48.979591836734734,8.0,,,,,,,,,,
ZM,insufficient_rows,,,,,511,,equity,,,,,,,,,,,,,,
