symbol,timeframe,status,cluster,data_source,n_signals,n_folds,rows,trials,best_ev,best_atr_sl_mult,best_atr_tp_mult,best_breakeven_atr,best_trail_activation_atr,best_trail_distance_atr,best_horizon,cost_bps,fee_bps,spread_bps,slippage_bps
AAPL,M15,ok,equity,bars,28114,41,55199,300,0.00002919534988229051,1.1085566477350925,3.833986620548508,0.16301716703244581,0.4054124952000582,0.15079692959482394,11,8.4,0.4,3.0,2.5
AAPL,M30,ok,equity,bars,15828,32,29132,300,0.0006237434661682111,0.35312898269206444,4.807310025730585,0.25145142396011644,0.6087909407276991,0.23214408062678593,23,8.4,0.4,3.0,2.5
AAPL,M5,ok,equity,bars,52509,80,101273,300,-0.00017766716999590505,0.15040386239172965,2.77992501810751,0.49046587410035264,0.5654797907248507,0.1004366766558207,10,8.4,0.4,3.0,2.5
ALVG,M15,ok,equity,bars,324,30,41881,300,-0.0001679760046981227,0.4380976512799251,2.488028102840855,0.2562428319482596,0.4373333587801433,0.48032534364570056,15,8.4,0.4,3.0,2.5
ALVG,M30,ok,equity,bars,203,25,23047,300,0.00035708441253842884,1.0754277488670205,4.6812451985850885,0.25401071375138834,1.5606049630930807,0.21635274487578632,12,8.4,0.4,3.0,2.5
ALVG,M5,ok,equity,bars,52438,79,100160,300,-0.0004293935044501346,0.1502885115004058,2.996889505361605,0.5285026019901513,0.5388247238243219,0.10067330099224048,6,8.4,0.4,3.0,2.5
AMZN,M15,ok,equity,bars,17117,23,32880,300,0.0009768926680235196,0.20115659827217655,3.993690711473033,0.395308793727226,0.44191556755559513,0.150428182544478,15,8.4,0.4,3.0,2.5
AMZN,M30,ok,equity,bars,10122,19,18414,300,0.0021075252130414767,0.7929532218680411,4.984541307514531,0.7424001178385704,0.8432957605886484,0.2023999804997364,17,8.4,0.4,3.0,2.5
AMZN,M5,ok,equity,bars,47227,71,90503,300,-0.00007399569742988106,0.15008594792149285,2.9986822363748686,0.5110846560323977,0.5121309958170794,0.11581722409228151,10,8.4,0.4,3.0,2.5
BCHUSD,M15,ok,crypto,bars,33,80,100985,300,-999.0,0.5745401188473624,3.842285780511732,0.6257960621774133,1.3578535747152585,0.282615844376071,6,37.5,6.5,15.0,8.0
BCHUSD,M30,ok,crypto,bars,118,121,100188,300,0.045787905698929564,0.7189904575257289,4.363888236270287,0.4996065348201201,1.2953851532605936,0.43235295857860495,21,37.5,6.5,15.0,8.0
BCHUSD,M5,ok,crypto,bars,51861,80,101557,300,-0.0028611151567012787,0.1515804568435239,2.877113528363052,0.12150394785214885,0.45697082734981687,0.10010065803438262,5,37.5,6.5,15.0,8.0
BTCUSD,M15,ok,crypto,bars,200,79,100182,300,-0.001791218464066351,0.3045671408527941,2.4216005926722333,0.5026712729477969,1.0925503348762944,0.15017513154530895,17,37.5,6.5,15.0,8.0
BTCUSD,M30,ok,crypto,bars,447,121,100173,300,-0.002728495599809319,0.30101598194375373,4.902287878131837,0.26617205636712127,2.3667380473619297,0.2216496133681234,22,37.5,6.5,15.0,8.0
BTCUSD,M5,ok,crypto,bars,52011,79,100277,300,-0.003212091127318899,0.16188708450147626,2.9920018949339906,0.15232126871112323,0.32671296935332395,0.10039431454781031,7,37.5,6.5,15.0,8.0
DBKGn,M15,ok,equity,bars,21920,31,42225,300,0.0007943399055016028,0.20087016949105801,3.917617117531963,0.7630298638586089,0.7639706370350593,0.1503869106915689,17,8.4,0.4,3.0,2.5
DBKGn,M30,ok,equity,bars,12287,25,23158,300,0.0016824082339295925,0.3005430769811105,4.92409266237492,0.31664615368856414,0.5120767407540389,0.2009395045460278,5,8.4,0.4,3.0,2.5
DBKGn,M5,ok,equity,bars,51881,79,100345,300,-0.00011488616417541099,0.15050735308958657,2.268605096862584,0.5964055313279872,0.6089428637216161,0.10274336549880535,12,8.4,0.4,3.0,2.5
DOGEUSD,M15,ok,crypto,bars,18918,79,100182,300,-0.0021089771536676343,0.20034125594954005,3.87843699573165,0.7869779578480127,1.2655482443573074,0.15286832887408774,14,37.5,6.5,15.0,8.0
DOGEUSD,M30,ok,crypto,bars,13756,88,73552,300,-0.0018227662215131067,0.32202828663829025,4.432632774845171,0.437401997066993,0.5867281323594724,0.28603556712329303,10,37.5,6.5,15.0,8.0
DOGEUSD,M5,ok,crypto,bars,51026,79,100286,300,-0.0026429301069446835,0.1519260051533522,2.9689480602093425,0.25482103372869774,0.42318319529172455,0.1142637039068771,4,37.5,6.5,15.0,8.0
EU50.cash,M15,ok,index,bars,48721,73,93085,300,-0.0000755541842263186,0.20084742966587493,3.520385158836009,0.35411874820194567,0.6014607657860731,0.18635819127203626,11,5.0,0.0,2.0,1.5
EU50.cash,M30,ok,index,bars,25984,57,49099,300,4.9191911455323295e-6,0.30111495384553366,4.301160836077086,0.24931735591359336,0.5255842388548645,0.20008954272152785,13,5.0,0.0,2.0,1.5
EU50.cash,M5,ok,index,bars,52980,79,100186,300,-0.0002441205034128642,0.1507539658268843,2.7818703348475506,0.5875706295326317,0.6057642146611567,0.10066041414469915,9,5.0,0.0,2.0,1.5
GER40.cash,M15,ok,index,bars,49163,75,95883,300,-0.00011435912560377077,0.20028200483391123,2.7576257468552834,0.17764330216452956,0.42901058413483706,0.15051201964618283,9,5.0,0.0,2.0,1.5
GER40.cash,M30,ok,index,bars,26292,59,50514,300,-4.277161687287496e-6,0.30023185547840986,4.112769339146278,0.4078359851031598,0.507462067266855,0.2013890855668587,8,5.0,0.0,2.0,1.5
GER40.cash,M5,ok,index,bars,51999,79,100193,300,-0.0002615498595681191,0.15054660875126055,2.9916484071339227,0.4338802269916968,0.4744458445403257,0.10029358886151632,9,5.0,0.0,2.0,1.5
GOOG,M15,ok,equity,bars,16662,23,32889,300,0.0007846591735063543,0.200035812383973,3.9934732884028508,0.7923087525626753,0.8093998949478765,0.15153038493408041,6,8.4,0.4,3.0,2.5
GOOG,M30,ok,equity,bars,9932,19,18417,300,0.0015272074894855977,0.33240170777182204,4.221700159180516,0.9927207988983138,2.004182909606264,0.20082865135826167,21,8.4,0.4,3.0,2.5
GOOG,M5,ok,equity,bars,47088,71,90537,300,-0.00018493133805628636,0.1510077544887491,2.5200021953408367,0.458378912369067,0.48780215150464196,0.10243395649483034,10,8.4,0.4,3.0,2.5
GRTUSD,M15,ok,crypto,bars,51642,80,100997,300,-0.0017935564894802337,0.200902590964103,3.468231461889432,0.47172795605943113,0.5082464205234617,0.15007021705482285,17,37.5,6.5,15.0,8.0
GRTUSD,M30,ok,crypto,bars,39727,92,77025,300,-0.0010028634759059526,0.3012081728426021,4.1984180511006475,0.47765223102397564,0.5164962823119548,0.23681582248130453,6,37.5,6.5,15.0,8.0
GRTUSD,M5,ok,crypto,bars,53227,80,101563,300,-0.002638028556922953,0.15139539228422258,2.935015528217533,0.2428486595865482,0.5010838468715276,0.11842565267398762,3,37.5,6.5,15.0,8.0
JP225.cash,M15,ok,index,bars,18621,80,100906,300,-0.000058194323396806424,0.20063718624532215,3.8277806455451833,0.7797455476088765,1.190071015789061,0.15032247960472506,17,5.0,0.0,2.0,1.5
JP225.cash,M30,ok,index,bars,10728,64,54672,300,3.9122081561526116e-6,0.3262428092548272,4.753534361148344,0.8880670716484586,0.9382036955306701,0.20004432216600695,17,5.0,0.0,2.0,1.5
JP225.cash,M5,ok,index,bars,17825,79,100150,300,-0.00018469269686672505,0.16310455401126128,2.94566905747637,0.5273674115822335,0.5405282220567501,0.10000625742294836,7,5.0,0.0,2.0,1.5
LVMH,M15,ok,equity,bars,22023,30,41896,300,0.0001780371403882294,0.20145001179275368,3.8800193139795662,0.15179219316529988,0.47412184697119747,0.1512353588798616,4,8.4,0.4,3.0,2.5
LVMH,M30,ok,equity,bars,12432,25,23061,300,0.000924820529105831,0.30046538294067615,4.123842396801841,0.6939026037625506,1.6304084119849709,0.22110214374492354,16,8.4,0.4,3.0,2.5
LVMH,M5,ok,equity,bars,52751,79,100121,300,-0.0002306212556164278,0.15119919839831764,2.9510295029685496,0.43190514061638163,0.5097256019267118,0.10019366325407411,12,8.4,0.4,3.0,2.5
NVDA,M15,ok,equity,bars,15654,21,30592,300,0.0020189454447154544,0.2313956144604734,2.8655948279511256,0.3883832336718947,0.4371401114661077,0.1501331343229356,14,8.4,0.4,3.0,2.5
NVDA,M30,ok,equity,bars,8718,16,15851,300,0.0038177025669133566,0.4977681977488499,4.711263267375476,0.5497225968430708,0.8505008881237202,0.20003292235822456,12,8.4,0.4,3.0,2.5
NVDA,M5,ok,equity,bars,45103,69,88650,300,0.0001244844028246632,0.15021662160356802,2.951373924042761,0.36282594222628556,0.3855311130407007,0.1008219526875983,8,8.4,0.4,3.0,2.5
PFE,M15,ok,equity,bars,17079,23,33024,300,0.0001839403751566448,0.20018607156449394,3.575088245675068,0.5517396520610878,0.5684870562303224,0.1500061267890424,13,8.4,0.4,3.0,2.5
PFE,M30,ok,equity,bars,10016,19,18461,300,0.0012525685903603061,0.7592779125706393,4.411014253986742,0.9029007480947305,0.9957394037034263,0.2025693947539961,19,8.4,0.4,3.0,2.5
PFE,M5,ok,equity,bars,47079,71,90599,300,-0.00021433708110648903,0.15012573333774368,2.955441851684851,0.1251709186582232,0.46330258546465264,0.10001030254132243,6,8.4,0.4,3.0,2.5
RACE,M15,ok,equity,bars,15771,21,31145,300,0.00003589800714890161,0.2350422995670144,3.7954004567111546,0.4880029497084367,0.4958419153567892,0.150352554593967,9,8.4,0.4,3.0,2.5
RACE,M30,ok,equity,bars,8943,16,16595,300,0.0007565948470129256,1.372393118151472,3.7229302543530802,0.9843481175447509,1.1717595406591745,0.20102001798407895,21,8.4,0.4,3.0,2.5
RACE,M5,ok,equity,bars,44314,70,88810,300,-0.00020547722678232187,0.15008644966474488,2.9994722506808795,0.16875367325569243,0.39752673147090556,0.10074534956549808,9,8.4,0.4,3.0,2.5
SOLUSD,M15,ok,crypto,bars,14174,18,27199,300,-0.002346337564683541,0.20324655983373235,3.9229665398543245,0.38892402195330805,0.45187496408353556,0.1547459399790421,15,37.5,6.5,15.0,8.0
SOLUSD,M30,ok,crypto,bars,7268,13,13697,300,-0.0016502570244976357,0.3255122697824756,4.907179515210551,0.26812193883175867,0.6716094184138891,0.20072638475532348,17,37.5,6.5,15.0,8.0
SOLUSD,M5,ok,crypto,bars,42889,64,82215,300,-0.002791328815212767,0.15046145369130787,2.996741437246059,0.216795227224299,0.3612830284105127,0.10048975236611332,7,37.5,6.5,15.0,8.0
TSLA,M15,ok,equity,bars,16989,23,32874,300,0.002698345682740878,0.21369866871060703,3.997503994758616,0.27093300476668436,0.4054305351618256,0.150007222106758,4,8.4,0.4,3.0,2.5
TSLA,M30,ok,equity,bars,9980,19,18408,300,0.00389746833493897,0.323130282089201,4.248482861858761,0.9149410162038389,2.096131256981298,0.2180990645771319,9,8.4,0.4,3.0,2.5
TSLA,M5,ok,equity,bars,46455,71,90495,300,0.00041926439748825057,0.1504382496806367,2.9522602780761056,0.4895740007157133,0.5496911131127673,0.10059580084554312,11,8.4,0.4,3.0,2.5
UKOIL.cash,M15,ok,commodity,bars,50225,75,95783,300,-0.00013725602248597311,0.20027201658484517,3.899873908284489,0.2444791432489426,0.6153692374426469,0.15000603156312534,9,10.0,0.0,4.0,3.0
UKOIL.cash,M30,ok,commodity,bars,26628,59,50309,300,0.000010369514680672513,0.3021041363268046,4.929378088803977,0.2475316706671225,0.8110004716185873,0.260955102167829,12,10.0,0.0,4.0,3.0
UKOIL.cash,M5,ok,commodity,bars,53365,79,100191,300,-0.0005665185453984316,0.15124180666898454,2.986826137022044,0.20395687841954166,0.34820005819434924,0.10003092088051689,10,10.0,0.0,4.0,3.0
UNIUSD,M15,ok,crypto,bars,51096,80,100994,300,-0.0018896925094298196,0.20091679203063728,3.7928125267109367,0.550701784847616,0.7352869073259432,0.15007610687947523,11,37.5,6.5,15.0,8.0
UNIUSD,M30,ok,crypto,bars,39421,92,77184,300,-0.0014864881723536973,0.302155523461715,4.818490390743558,0.5507384351745107,0.6102087131739825,0.20004726795386374,17,37.5,6.5,15.0,8.0
UNIUSD,M5,ok,crypto,bars,52192,80,101566,300,-0.002537570225543724,0.15109007041198516,2.3613225409392715,0.37502346284276733,0.49535503964174066,0.100063675008721,3,37.5,6.5,15.0,8.0
US30.cash,M15,ok,index,bars,51670,79,100223,300,-0.0001728460746782526,0.20044998589474533,3.880037859054403,0.5696183870025876,0.644221036403831,0.192410930127494,8,5.0,0.0,2.0,1.5
US30.cash,M30,ok,index,bars,31180,96,80166,300,-1.6419513205540323e-6,1.3353220413643971,3.8827215237707002,0.27849513786572916,0.5024419125144293,0.2000854998238056,21,5.0,0.0,2.0,1.5
US30.cash,M5,ok,index,bars,42569,79,100192,300,-0.0003168030158026565,0.1506421114488329,2.99842854826966,0.43180589939063324,0.4400064725403964,0.10009298485793056,4,5.0,0.0,2.0,1.5
USOIL.cash,M15,ok,commodity,bars,52789,80,101335,300,-0.00019105603708097977,1.0639144820184578,3.8339511821370307,0.31137078085233266,0.4035848615169816,0.15149121527684803,16,10.0,0.0,4.0,3.0
USOIL.cash,M30,ok,commodity,bars,31082,70,59383,300,2.3136821349552805e-7,1.2201802203170342,4.582528211010458,0.9215336121097248,0.9506635944962273,0.20000910149018486,24,10.0,0.0,4.0,3.0
USOIL.cash,M5,ok,commodity,bars,45792,79,100192,300,-0.0005661161582799956,0.16372689395447543,2.999843298416842,0.22020120230014628,0.43202574134982064,0.10084499027887257,8,10.0,0.0,4.0,3.0
V,M15,ok,equity,bars,12974,21,30854,300,9.300280793744216e-6,0.2017287424358792,3.7643448199652396,0.30992926508838736,0.40329834026591016,0.15106572580651995,18,8.4,0.4,3.0,2.5
V,M30,ok,equity,bars,7278,16,16472,300,0.00028470142943113605,1.0229198750379853,4.706324103345315,0.24312216678105056,0.5446188931263325,0.21274111061883388,24,8.4,0.4,3.0,2.5
V,M5,ok,equity,bars,36817,69,88141,300,-0.00034998138768980937,0.16814541123765575,2.936008194916317,0.3025814654311351,0.5699008196150804,0.1004689272511489,7,8.4,0.4,3.0,2.5
margin_leverage,M15,no_data,index,,,,,,,,,,,,,,,,
margin_leverage,M30,no_data,index,,,,,,,,,,,,,,,,
margin_leverage,M5,no_data,index,,,,,,,,,,,,,,,,
